slug,name,team,location,opponent,outcome,seconds_played,made_field_goals,attempted_field_goals,made_three_point_field_goals,attempted_three_point_field_goals,made_free_throws,attempted_free_throws,offensive_rebounds,defensive_rebounds,assists,steals,blocks,turnovers,personal_fouls,game_score
embiijo01,Joel Embiid,PHILADELPHIA 76ERS,HOME,BROOKLYN NETS,WIN,1667,12,20,3,4,12,16,3,10,6,3,1,2,3,38.0
middlkh01,Khris Middleton,MILWAUKEE BUCKS,HOME,LOS ANGELES CLIPPERS,WIN,1994,16,25,4,7,3,3,2,7,5,1,0,2,3,32.7
antetgi01,Giannis Antetokounmpo,MILWAUKEE BUCKS,HOME,LOS ANGELES CLIPPERS,WIN,1916,10,18,2,6,12,14,0,9,5,1,1,1,3,30.3
hardeja01,James Harden,HOUSTON ROCKETS,HOME,DENVER NUGGETS,WIN,1940,10,22,5,11,13,14,2,4,6,1,1,4,2,29.9
siakapa01,Pascal Siakam,TORONTO RAPTORS,AWAY,NEW YORK KNICKS,WIN,1850,11,19,2,6,7,8,2,3,5,1,1,0,4,27.6
derozde01,DeMar DeRozan,SAN ANTONIO SPURS,HOME,CLEVELAND CAVALIERS,WIN,2095,10,12,0,0,5,5,1,1,8,2,0,2,2,26.4
drumman01,Andre Drummond,DETROIT PISTONS,HOME,ORLANDO MAGIC,WIN,2292,9,10,0,0,0,3,7,11,4,1,6,3,3,25.4
randlju01,Julius Randle,NEW ORLEANS PELICANS,HOME,SACRAMENTO KINGS,WIN,1871,12,25,3,5,7,7,4,7,3,0,0,3,3,24.1
robinmi01,Mitchell Robinson,NEW YORK KNICKS,HOME,TORONTO RAPTORS,LOSS,1859,8,12,0,0,3,6,9,12,0,1,2,0,3,23.7
foxde01,De'Aaron Fox,SACRAMENTO KINGS,AWAY,NEW ORLEANS PELICANS,LOSS,2228,11,22,1,3,2,3,1,4,12,3,1,2,5,23.6
dragigo01,Goran Dragic,MIAMI HEAT,HOME,DALLAS MAVERICKS,WIN,2250,9,17,0,2,5,7,3,9,11,1,1,3,4,23.5
woodch01,Christian Wood,NEW ORLEANS PELICANS,HOME,SACRAMENTO KINGS,WIN,1663,11,16,0,2,3,3,2,7,1,3,1,1,4,23.5
caulewi01,Willie Cauley-Stein,SACRAMENTO KINGS,AWAY,NEW ORLEANS PELICANS,LOSS,2072,7,9,0,0,4,4,2,10,4,0,2,0,3,21.9
ellinwa01,Wayne Ellington,DETROIT PISTONS,HOME,ORLANDO MAGIC,WIN,1857,9,16,7,13,0,0,0,0,0,3,0,0,1,20.0
forbebr01,Bryn Forbes,SAN ANTONIO SPURS,HOME,CLEVELAND CAVALIERS,WIN,2079,8,13,3,8,0,1,0,6,4,3,0,0,1,19.9
nancela02,Larry Nance,CLEVELAND CAVALIERS,AWAY,SAN ANTONIO SPURS,LOSS,1655,5,7,1,2,2,2,5,6,4,2,1,2,1,18.5
capelca01,Clint Capela,HOUSTON ROCKETS,HOME,DENVER NUGGETS,WIN,1762,8,13,0,0,1,2,5,10,1,1,1,1,1,18.2
murraja01,Jamal Murray,DENVER NUGGETS,AWAY,HOUSTON ROCKETS,LOSS,1581,7,14,0,2,6,7,1,3,3,2,0,0,1,17.9
harrijo01,Joe Harris,BROOKLYN NETS,AWAY,PHILADELPHIA 76ERS,LOSS,1902,8,12,4,6,2,2,0,3,1,0,1,0,4,17.5
sextoco01,Collin Sexton,CLEVELAND CAVALIERS,AWAY,SAN ANTONIO SPURS,LOSS,2091,10,17,3,7,1,2,1,1,3,0,0,2,1,16.4
holliro01,Rondae Hollis-Jefferson,BROOKLYN NETS,AWAY,PHILADELPHIA 76ERS,LOSS,1572,7,14,0,0,5,7,3,7,2,1,0,1,2,16.0
gilgesh01,Shai Gilgeous-Alexander,LOS ANGELES CLIPPERS,AWAY,MILWAUKEE BUCKS,LOSS,1906,8,15,1,2,4,5,1,5,2,1,2,3,2,15.5
hieldbu01,Buddy Hield,SACRAMENTO KINGS,AWAY,NEW ORLEANS PELICANS,LOSS,1970,11,21,1,8,4,4,0,2,1,0,0,3,0,15.0
jokicni01,Nikola Jokic,DENVER NUGGETS,AWAY,HOUSTON ROCKETS,LOSS,1492,7,14,0,0,2,2,3,5,6,0,2,2,3,15.0
morrimo01,Monte Morris,DENVER NUGGETS,AWAY,HOUSTON ROCKETS,LOSS,1601,5,9,1,3,5,5,1,2,4,0,0,0,2,15.0
gordoaa01,Aaron Gordon,ORLANDO MAGIC,AWAY,DETROIT PISTONS,LOSS,1947,7,12,1,4,5,5,0,3,4,1,0,3,3,14.9
augusdj01,D.J. Augustin,ORLANDO MAGIC,AWAY,DETROIT PISTONS,LOSS,1877,7,12,2,4,2,3,1,3,4,1,1,3,1,14.7
bledser01,Eric Bledsoe,MILWAUKEE BUCKS,HOME,LOS ANGELES CLIPPERS,WIN,1886,5,11,3,5,2,2,1,6,8,1,0,3,2,14.6
griffbl01,Blake Griffin,DETROIT PISTONS,HOME,ORLANDO MAGIC,WIN,1963,8,18,2,5,2,3,2,8,5,1,0,3,3,14.3
leverca01,Caris LeVert,BROOKLYN NETS,AWAY,PHILADELPHIA 76ERS,LOSS,1699,6,14,2,4,4,6,1,3,3,1,1,1,0,14.2
paytoel01,Elfrid Payton,NEW ORLEANS PELICANS,HOME,SACRAMENTO KINGS,WIN,2181,7,14,0,4,2,2,0,4,9,0,1,3,0,14.2
redicjj01,J.J. Redick,PHILADELPHIA 76ERS,HOME,BROOKLYN NETS,WIN,1823,6,12,4,9,2,2,0,3,3,1,0,1,2,14.2
gallida01,Danilo Gallinari,LOS ANGELES CLIPPERS,AWAY,MILWAUKEE BUCKS,LOSS,1451,3,9,1,4,7,7,0,8,4,1,0,1,0,14.1
jacksju01,Justin Jackson,DALLAS MAVERICKS,AWAY,MIAMI HEAT,LOSS,1967,6,10,2,3,0,0,1,3,2,2,0,0,1,14.0
whiteha01,Hassan Whiteside,MIAMI HEAT,HOME,DALLAS MAVERICKS,WIN,1117,5,6,0,0,2,4,3,6,1,0,0,0,0,13.6
riverau01,Austin Rivers,HOUSTON ROCKETS,HOME,DENVER NUGGETS,WIN,1724,6,10,3,7,0,1,0,1,3,1,1,0,2,13.3
greenda02,Danny Green,TORONTO RAPTORS,AWAY,NEW YORK KNICKS,WIN,1222,5,9,5,8,0,0,2,2,2,1,0,1,3,12.9
okafoja01,Jahlil Okafor,NEW ORLEANS PELICANS,HOME,SACRAMENTO KINGS,WIN,1284,6,8,0,0,0,0,0,9,0,0,2,0,0,12.9
chandwi01,Wilson Chandler,LOS ANGELES CLIPPERS,AWAY,MILWAUKEE BUCKS,LOSS,1046,5,7,5,6,0,0,0,2,1,0,0,0,2,12.6
vanvlfr01,Fred VanVleet,TORONTO RAPTORS,AWAY,NEW YORK KNICKS,WIN,1924,4,13,4,8,0,0,0,3,8,1,2,0,2,12.6
marjabo01,Boban Marjanovic,PHILADELPHIA 76ERS,HOME,BROOKLYN NETS,WIN,1088,6,8,1,2,3,4,0,3,1,0,0,0,5,12.0
adebaba01,Bam Adebayo,MIAMI HEAT,HOME,DALLAS MAVERICKS,WIN,1763,5,9,0,0,1,2,3,13,3,0,0,2,2,11.6
gordoer01,Eric Gordon,HOUSTON ROCKETS,HOME,DENVER NUGGETS,WIN,1596,7,11,4,6,0,0,0,1,0,0,0,1,2,11.6
loveke01,Kevin Love,CLEVELAND CAVALIERS,AWAY,SAN ANTONIO SPURS,LOSS,2074,7,13,2,4,2,2,0,8,1,0,0,2,3,11.6
linje01,Jeremy Lin,TORONTO RAPTORS,AWAY,NEW YORK KNICKS,WIN,1534,4,8,1,2,3,4,0,5,5,0,0,0,3,11.4
simmobe01,Ben Simmons,PHILADELPHIA 76ERS,HOME,BROOKLYN NETS,WIN,1796,7,14,0,0,2,4,2,2,8,1,0,3,6,11.4
belinma01,Marco Belinelli,SAN ANTONIO SPURS,HOME,CLEVELAND CAVALIERS,WIN,1361,7,11,2,4,0,0,0,2,2,1,0,2,2,11.3
smithis01,Ish Smith,DETROIT PISTONS,HOME,ORLANDO MAGIC,WIN,1693,7,14,1,3,0,0,0,4,6,0,0,1,3,11.2
allenka01,Kadeem Allen,NEW YORK KNICKS,HOME,TORONTO RAPTORS,LOSS,1129,6,9,1,2,5,5,0,1,2,0,1,4,4,10.9
lopezbr01,Brook Lopez,MILWAUKEE BUCKS,HOME,LOS ANGELES CLIPPERS,WIN,1862,4,8,2,5,2,4,0,9,2,0,1,0,3,10.8
poweldw01,Dwight Powell,DALLAS MAVERICKS,AWAY,MIAMI HEAT,LOSS,1909,4,10,1,3,2,2,2,7,2,0,1,0,1,10.8
bogdabo01,Bogdan Bogdanovic,SACRAMENTO KINGS,AWAY,NEW ORLEANS PELICANS,LOSS,1123,6,10,2,2,0,0,1,0,3,0,1,1,3,10.7
nwabada01,David Nwaba,CLEVELAND CAVALIERS,AWAY,SAN ANTONIO SPURS,LOSS,1118,5,6,1,1,0,0,2,1,0,1,0,0,2,10.7
johnsst04,Stanley Johnson,NEW ORLEANS PELICANS,HOME,SACRAMENTO KINGS,WIN,1174,4,7,2,3,0,0,0,2,4,2,1,1,3,10.6
greenja01,JaMychal Green,LOS ANGELES CLIPPERS,AWAY,MILWAUKEE BUCKS,LOSS,1464,6,16,4,8,0,0,2,6,2,0,0,0,4,10.2
brownst02,Sterling Brown,MILWAUKEE BUCKS,HOME,LOS ANGELES CLIPPERS,WIN,1422,6,10,3,6,0,0,0,0,1,0,1,0,6,9.4
butleji01,Jimmy Butler,PHILADELPHIA 76ERS,HOME,BROOKLYN NETS,WIN,2205,3,10,1,1,2,2,2,5,3,3,1,1,4,9.3
makerth01,Thon Maker,DETROIT PISTONS,HOME,ORLANDO MAGIC,WIN,917,3,4,2,3,0,0,0,6,1,0,2,1,0,9.3
shamela01,Landry Shamet,LOS ANGELES CLIPPERS,AWAY,MILWAUKEE BUCKS,LOSS,1838,4,9,4,6,1,1,0,1,4,0,0,1,3,9.2
ibakase01,Serge Ibaka,TORONTO RAPTORS,AWAY,NEW YORK KNICKS,WIN,1458,5,9,0,2,0,3,2,8,1,0,2,1,1,9.0
knighbr03,Brandon Knight,CLEVELAND CAVALIERS,AWAY,SAN ANTONIO SPURS,LOSS,1913,6,9,2,2,0,0,0,1,2,1,0,3,2,9.0
dinwisp01,Spencer Dinwiddie,BROOKLYN NETS,AWAY,PHILADELPHIA 76ERS,LOSS,1569,4,9,1,5,4,4,0,2,4,1,0,2,5,8.7
iwundwe01,Wesley Iwundu,ORLANDO MAGIC,AWAY,DETROIT PISTONS,LOSS,1160,2,2,2,2,2,2,0,2,1,0,0,0,0,8.7
scottmi01,Mike Scott,PHILADELPHIA 76ERS,HOME,BROOKLYN NETS,WIN,1697,4,7,3,3,0,0,0,2,1,0,0,0,1,8.6
davised01,Ed Davis,BROOKLYN NETS,AWAY,PHILADELPHIA 76ERS,LOSS,784,3,3,0,0,0,0,2,6,2,0,0,0,3,8.5
gallola01,Langston Galloway,DETROIT PISTONS,HOME,ORLANDO MAGIC,WIN,1693,4,9,2,5,2,2,0,0,2,1,0,0,3,8.5
zubaciv01,Ivica Zubac,LOS ANGELES CLIPPERS,AWAY,MILWAUKEE BUCKS,LOSS,1065,5,8,0,0,0,0,2,4,1,1,0,1,3,8.5
brunsja01,Jalen Brunson,DALLAS MAVERICKS,AWAY,MIAMI HEAT,LOSS,1900,5,11,2,5,1,4,0,3,4,1,0,2,1,8.4
powelno01,Norman Powell,TORONTO RAPTORS,AWAY,NEW YORK KNICKS,WIN,1351,3,7,3,4,2,2,0,3,0,2,0,1,2,8.4
gayru01,Rudy Gay,SAN ANTONIO SPURS,HOME,CLEVELAND CAVALIERS,WIN,1649,4,10,2,4,2,2,0,8,1,0,0,1,1,8.3
breweco01,Corey Brewer,SACRAMENTO KINGS,AWAY,NEW ORLEANS PELICANS,LOSS,876,2,2,2,2,0,0,0,4,1,1,0,0,1,7.9
robinje01,Jerome Robinson,LOS ANGELES CLIPPERS,AWAY,MILWAUKEE BUCKS,LOSS,1303,3,5,2,4,1,1,0,2,1,1,1,1,2,7.9
harrito02,Tobias Harris,PHILADELPHIA 76ERS,HOME,BROOKLYN NETS,WIN,2121,3,8,0,2,0,0,2,8,4,1,0,1,1,7.8
johnsja01,James Johnson,MIAMI HEAT,HOME,DALLAS MAVERICKS,WIN,1776,3,5,2,3,1,2,1,2,2,0,2,1,4,7.8
jonesde02,Derrick Jones,MIAMI HEAT,HOME,DALLAS MAVERICKS,WIN,1050,3,6,0,3,3,3,0,4,1,1,1,1,2,7.8
doncilu01,Luka Doncic,DALLAS MAVERICKS,AWAY,MIAMI HEAT,LOSS,1842,6,18,3,9,4,6,0,8,7,0,0,6,4,7.7
shumpim01,Iman Shumpert,HOUSTON ROCKETS,HOME,DENVER NUGGETS,WIN,1511,3,5,1,2,0,0,1,7,2,1,0,1,3,7.7
paulch01,Chris Paul,HOUSTON ROCKETS,HOME,DENVER NUGGETS,WIN,1816,3,10,0,3,3,3,0,4,8,1,0,3,2,7.2
aldrila01,LaMarcus Aldridge,SAN ANTONIO SPURS,HOME,CLEVELAND CAVALIERS,WIN,2154,6,15,0,1,2,3,1,2,1,0,2,1,2,7.1
nowitdi01,Dirk Nowitzki,DALLAS MAVERICKS,AWAY,MIAMI HEAT,LOSS,1657,5,13,3,9,0,0,0,3,1,0,0,0,1,7.1
poeltja01,Jakob Poeltl,SAN ANTONIO SPURS,HOME,CLEVELAND CAVALIERS,WIN,1123,1,2,0,0,2,4,1,1,1,1,3,0,0,7.0
wadedw01,Dwyane Wade,MIAMI HEAT,HOME,DALLAS MAVERICKS,WIN,1689,4,14,1,3,2,2,0,2,2,4,0,1,2,7.0
whitede01,Derrick White,SAN ANTONIO SPURS,HOME,CLEVELAND CAVALIERS,WIN,1184,2,3,1,1,1,2,0,1,4,1,1,1,3,6.9
bertada01,Davis Bertans,SAN ANTONIO SPURS,HOME,CLEVELAND CAVALIERS,WIN,941,3,5,3,5,0,0,0,4,3,0,0,2,3,6.8
connapa01,Pat Connaughton,MILWAUKEE BUCKS,HOME,LOS ANGELES CLIPPERS,WIN,1805,2,3,1,2,1,2,0,5,0,1,0,0,0,6.8
harremo01,Montrezl Harrell,LOS ANGELES CLIPPERS,AWAY,MILWAUKEE BUCKS,LOSS,1176,6,12,0,0,1,4,2,3,3,0,0,3,1,6.8
meeksjo01,Jodie Meeks,TORONTO RAPTORS,AWAY,NEW YORK KNICKS,WIN,300,2,3,1,2,1,1,0,1,3,0,0,0,1,6.7
rosste01,Terrence Ross,ORLANDO MAGIC,AWAY,DETROIT PISTONS,LOSS,1915,3,11,0,2,4,4,1,1,2,1,0,0,1,6.5
isaacjo01,Jonathan Isaac,ORLANDO MAGIC,AWAY,DETROIT PISTONS,LOSS,1717,4,14,2,7,0,0,5,3,0,1,0,0,2,6.4
baglema01,Marvin Bagley,SACRAMENTO KINGS,AWAY,NEW ORLEANS PELICANS,LOSS,1700,4,12,0,1,2,3,2,6,1,1,2,2,2,6.3
klebima01,Maxi Kleber,DALLAS MAVERICKS,AWAY,MIAMI HEAT,LOSS,1132,1,2,1,2,2,2,2,8,1,0,0,1,3,6.3
millspa02,Patty Mills,SAN ANTONIO SPURS,HOME,CLEVELAND CAVALIERS,WIN,1402,4,11,3,9,0,0,0,4,3,0,0,2,0,6.2
brownbr01,Bruce Brown,DETROIT PISTONS,HOME,ORLANDO MAGIC,WIN,916,1,1,1,1,0,0,0,1,2,1,1,0,0,6.1
vucevni01,Nikola Vucevic,ORLANDO MAGIC,AWAY,DETROIT PISTONS,LOSS,1990,5,15,0,2,2,2,1,11,4,1,0,4,3,6.1
diallch01,Cheick Diallo,NEW ORLEANS PELICANS,HOME,SACRAMENTO KINGS,WIN,942,3,4,0,0,1,1,1,3,1,0,0,1,2,5.9
waitedi01,Dion Waiters,MIAMI HEAT,HOME,DALLAS MAVERICKS,WIN,2026,6,17,3,10,2,3,0,2,1,0,0,1,4,5.8
birchkh01,Khem Birch,ORLANDO MAGIC,AWAY,DETROIT PISTONS,LOSS,774,2,3,0,0,1,3,3,2,0,0,1,0,2,5.5
plumlma01,Mason Plumlee,DENVER NUGGETS,AWAY,HOUSTON ROCKETS,LOSS,1386,1,4,0,0,2,2,1,7,2,1,0,1,1,5.4
millspa01,Paul Millsap,DENVER NUGGETS,AWAY,HOUSTON ROCKETS,LOSS,1338,4,7,0,1,0,0,0,2,0,2,1,2,2,5.2
ferreyo01,Yogi Ferrell,SACRAMENTO KINGS,AWAY,NEW ORLEANS PELICANS,LOSS,1052,2,4,2,3,0,0,0,2,4,0,0,2,1,5.0
willike04,Kenrich Williams,NEW ORLEANS PELICANS,HOME,SACRAMENTO KINGS,WIN,1914,2,9,1,6,0,0,1,4,3,1,1,0,1,4.8
milleda01,Darius Miller,NEW ORLEANS PELICANS,HOME,SACRAMENTO KINGS,WIN,980,2,3,1,2,1,1,0,1,1,0,0,1,0,4.7
broekry01,Ryan Broekhoff,DALLAS MAVERICKS,AWAY,MIAMI HEAT,LOSS,879,3,6,3,6,0,0,0,1,0,0,1,2,1,4.6
dudleja01,Jared Dudley,BROOKLYN NETS,AWAY,PHILADELPHIA 76ERS,LOSS,918,1,1,1,1,2,2,0,0,1,0,0,0,2,4.6
mejrisa01,Salah Mejri,DALLAS MAVERICKS,AWAY,MIAMI HEAT,LOSS,806,2,5,0,2,0,0,2,7,2,0,0,0,4,4.6
fournev01,Evan Fournier,ORLANDO MAGIC,AWAY,DETROIT PISTONS,LOSS,1747,6,15,1,7,0,1,0,1,3,0,0,2,1,4.5
tuckepj01,P.J. Tucker,HOUSTON ROCKETS,HOME,DENVER NUGGETS,WIN,1531,1,2,1,2,0,0,1,4,0,1,0,0,1,4.5
harriga01,Gary Harris,DENVER NUGGETS,AWAY,HOUSTON ROCKETS,LOSS,1714,4,11,3,5,0,0,0,2,3,0,0,2,3,4.4
koufoko01,Kosta Koufos,SACRAMENTO KINGS,AWAY,NEW ORLEANS PELICANS,LOSS,808,1,4,0,0,0,0,2,4,2,0,3,1,1,4.3
olynyke01,Kelly Olynyk,MIAMI HEAT,HOME,DALLAS MAVERICKS,WIN,1438,2,6,0,2,3,3,0,5,2,0,0,1,3,4.3
thomptr01,Tristan Thompson,CLEVELAND CAVALIERS,AWAY,SAN ANTONIO SPURS,LOSS,1291,2,4,0,0,0,0,3,4,3,0,0,2,3,4.2
thornsi01,Sindarius Thornwell,LOS ANGELES CLIPPERS,AWAY,MILWAUKEE BUCKS,LOSS,342,0,0,0,0,3,4,0,1,1,1,0,0,1,4.2
allenja01,Jarrett Allen,BROOKLYN NETS,AWAY,PHILADELPHIA 76ERS,LOSS,524,2,3,0,0,0,0,2,2,1,0,0,1,1,4.0
clarkjo01,Jordan Clarkson,CLEVELAND CAVALIERS,AWAY,SAN ANTONIO SPURS,LOSS,1260,4,15,1,4,1,2,3,3,3,1,0,2,2,4.0
barneha02,Harrison Barnes,SACRAMENTO KINGS,AWAY,NEW ORLEANS PELICANS,LOSS,2089,3,10,2,3,2,2,0,3,0,1,0,1,3,3.9
kennalu01,Luke Kennard,DETROIT PISTONS,HOME,ORLANDO MAGIC,WIN,1259,2,5,2,2,0,0,0,1,1,0,0,0,1,3.9
hezonma01,Mario Hezonja,NEW YORK KNICKS,HOME,TORONTO RAPTORS,LOSS,1254,3,8,0,3,2,2,1,3,2,0,0,2,2,3.8
mudiaem01,Emmanuel Mudiay,NEW YORK KNICKS,HOME,TORONTO RAPTORS,LOSS,1519,4,12,0,2,3,4,2,2,1,0,0,2,2,3.7
knoxke01,Kevin Knox,NEW YORK KNICKS,HOME,TORONTO RAPTORS,LOSS,1615,3,10,2,5,1,4,1,2,1,1,2,2,2,3.6
wallaty01,Tyrone Wallace,LOS ANGELES CLIPPERS,AWAY,MILWAUKEE BUCKS,LOSS,483,2,4,0,0,0,0,0,1,1,1,0,0,1,3.6
jordade01,DeAndre Jordan,NEW YORK KNICKS,HOME,TORONTO RAPTORS,LOSS,1183,0,2,0,0,3,4,0,7,4,0,0,2,2,3.3
miltosh01,Shake Milton,PHILADELPHIA 76ERS,HOME,BROOKLYN NETS,WIN,1007,2,3,0,1,0,0,0,1,0,1,1,1,1,3.3
dotsoda01,Damyean Dotson,NEW YORK KNICKS,HOME,TORONTO RAPTORS,LOSS,1764,3,9,1,5,2,2,0,5,0,0,0,1,3,3.2
mccawpa01,Patrick McCaw,TORONTO RAPTORS,AWAY,NEW YORK KNICKS,WIN,1133,1,3,1,2,0,0,0,3,2,0,0,0,1,3.2
millema01,Malcolm Miller,TORONTO RAPTORS,AWAY,NEW YORK KNICKS,WIN,429,1,3,1,3,2,2,0,0,0,0,1,1,0,3.0
hillge01,George Hill,MILWAUKEE BUCKS,HOME,LOS ANGELES CLIPPERS,WIN,1222,1,4,0,2,0,0,0,2,3,1,0,0,1,2.9
russeda01,D'Angelo Russell,BROOKLYN NETS,AWAY,PHILADELPHIA 76ERS,LOSS,1652,6,19,1,5,0,2,2,2,8,1,0,7,0,2.9
harride01,Devin Harris,DALLAS MAVERICKS,AWAY,MIAMI HEAT,LOSS,550,1,3,0,2,2,3,1,0,2,0,0,0,3,2.8
stausni01,Nik Stauskas,CLEVELAND CAVALIERS,AWAY,SAN ANTONIO SPURS,LOSS,509,2,5,1,3,0,0,0,3,0,0,0,0,1,2.8
jeffeam01,Amile Jefferson,ORLANDO MAGIC,AWAY,DETROIT PISTONS,LOSS,135,1,1,0,0,0,0,0,1,0,0,1,0,0,2.7
kornelu01,Luke Kornet,NEW YORK KNICKS,HOME,TORONTO RAPTORS,LOSS,531,1,1,1,1,0,0,0,0,2,0,0,1,1,2.7
lowryky01,Kyle Lowry,TORONTO RAPTORS,AWAY,NEW YORK KNICKS,WIN,1508,3,10,1,7,0,0,0,4,2,2,0,2,3,2.6
jacksre01,Reggie Jackson,DETROIT PISTONS,HOME,ORLANDO MAGIC,WIN,1187,2,8,0,3,1,2,0,1,4,1,0,1,1,2.5
leuerjo01,Jon Leuer,DETROIT PISTONS,HOME,ORLANDO MAGIC,WIN,35,1,1,0,0,0,0,1,0,0,0,0,0,0,2.4
robindu01,Duncan Robinson,MIAMI HEAT,HOME,DALLAS MAVERICKS,WIN,1291,2,9,1,7,1,1,0,2,1,1,0,0,1,2.4
burketr01,Trey Burke,DALLAS MAVERICKS,AWAY,MIAMI HEAT,LOSS,1048,2,8,1,4,0,0,1,0,4,0,0,1,1,2.3
ellenhe01,Henry Ellenson,NEW YORK KNICKS,HOME,TORONTO RAPTORS,LOSS,531,1,4,0,1,1,1,0,0,1,1,0,0,0,2.3
finnedo01,Dorian Finney-Smith,DALLAS MAVERICKS,AWAY,MIAMI HEAT,LOSS,296,1,3,0,1,0,0,1,0,1,1,0,0,1,2.3
grahatr01,Treveon Graham,BROOKLYN NETS,AWAY,PHILADELPHIA 76ERS,LOSS,175,0,0,0,0,2,2,0,1,0,0,0,0,0,2.3
osmande01,Cedi Osman,CLEVELAND CAVALIERS,AWAY,SAN ANTONIO SPURS,LOSS,1806,4,13,1,5,0,0,0,5,2,0,0,1,3,2.2
mccontj01,T.J. McConnell,PHILADELPHIA 76ERS,HOME,BROOKLYN NETS,WIN,893,2,6,0,1,0,0,0,2,1,0,0,0,0,1.9
gasolma01,Marc Gasol,TORONTO RAPTORS,AWAY,NEW YORK KNICKS,WIN,1391,0,4,0,2,2,2,0,5,4,1,0,1,5,1.5
wilsodj01,D.J. Wilson,MILWAUKEE BUCKS,HOME,LOS ANGELES CLIPPERS,WIN,845,1,4,1,3,0,0,0,3,0,0,0,0,0,1.5
pinsoth01,Theo Pinson,BROOKLYN NETS,AWAY,PHILADELPHIA 76ERS,LOSS,175,1,3,1,3,0,0,0,0,0,0,0,0,0,1.3
craigto01,Torrey Craig,DENVER NUGGETS,AWAY,HOUSTON ROCKETS,LOSS,263,0,2,0,1,2,2,0,0,0,1,0,0,1,1.2
ilyaser01,Ersan Ilyasova,MILWAUKEE BUCKS,HOME,LOS ANGELES CLIPPERS,WIN,1308,0,2,0,1,2,2,0,2,1,0,2,1,3,1.1
bertada02,Dairis Bertans,NEW ORLEANS PELICANS,HOME,SACRAMENTO KINGS,WIN,475,0,0,0,0,0,0,0,0,2,0,0,0,1,1.0
chrisma01,Marquese Chriss,CLEVELAND CAVALIERS,AWAY,SAN ANTONIO SPURS,LOSS,683,0,3,0,1,2,2,0,3,0,1,0,0,2,1.0
motlejo01,Johnathan Motley,LOS ANGELES CLIPPERS,AWAY,MILWAUKEE BUCKS,LOSS,70,0,0,0,0,0,0,0,1,1,0,0,0,0,1.0
bouchch01,Chris Boucher,TORONTO RAPTORS,AWAY,NEW YORK KNICKS,WIN,300,1,1,1,1,0,0,0,1,0,0,0,1,3,0.8
hilarne01,Nene Hilario,HOUSTON ROCKETS,HOME,DENVER NUGGETS,WIN,917,1,4,0,0,0,0,2,3,0,0,0,0,3,0.7
smithde03,Dennis Smith,NEW YORK KNICKS,HOME,TORONTO RAPTORS,LOSS,1200,2,11,1,4,2,2,1,4,1,0,0,2,0,0.7
chiozch01,Chris Chiozza,HOUSTON ROCKETS,HOME,DENVER NUGGETS,WIN,201,0,1,0,0,0,0,0,1,0,1,0,0,0,0.6
carrode01,DeMarre Carroll,BROOKLYN NETS,AWAY,PHILADELPHIA 76ERS,LOSS,1370,1,5,1,4,0,0,0,3,1,0,1,1,2,0.4
templga01,Garrett Temple,LOS ANGELES CLIPPERS,AWAY,MILWAUKEE BUCKS,LOSS,2186,0,6,0,3,0,0,1,4,5,1,0,1,2,0.4
bjeline01,Nemanja Bjelica,SACRAMENTO KINGS,AWAY,NEW ORLEANS PELICANS,LOSS,482,0,1,0,1,0,0,0,1,0,0,1,0,0,0.3
cartemi01,Michael Carter-Williams,ORLANDO MAGIC,AWAY,DETROIT PISTONS,LOSS,868,0,6,0,1,0,0,4,0,2,0,1,0,1,0.3
colsobo01,Bonzie Colson,MILWAUKEE BUCKS,HOME,LOS ANGELES CLIPPERS,WIN,70,0,0,0,0,0,0,0,1,0,0,0,0,0,0.3
martija01,Jarell Martin,ORLANDO MAGIC,AWAY,DETROIT PISTONS,LOSS,135,0,0,0,0,0,0,0,1,0,0,0,0,0,0.3
clarkga01,Gary Clark,HOUSTON ROCKETS,HOME,DENVER NUGGETS,WIN,201,1,4,1,4,0,0,0,0,0,0,0,0,1,0.2
jenkijo01,John Jenkins,NEW YORK KNICKS,HOME,TORONTO RAPTORS,LOSS,720,0,4,0,1,2,2,0,1,1,0,0,0,0,0.2
napiesh01,Shabazz Napier,BROOKLYN NETS,AWAY,PHILADELPHIA 76ERS,LOSS,675,1,4,0,2,0,0,1,0,1,0,0,1,0,0.0
thomakh01,Khyri Thomas,DETROIT PISTONS,HOME,ORLANDO MAGIC,WIN,35,0,0,0,0,0,0,0,0,0,0,0,0,0,0.0
walkelo01,Lonnie Walker,SAN ANTONIO SPURS,HOME,CLEVELAND CAVALIERS,WIN,162,0,0,0,0,0,0,0,0,0,0,0,0,0,0.0
vandeja01,Jarred Vanderbilt,DENVER NUGGETS,AWAY,HOUSTON ROCKETS,LOSS,305,0,2,0,0,0,0,1,2,0,0,0,0,0,-0.1
bartowi01,Will Barton,DENVER NUGGETS,AWAY,HOUSTON ROCKETS,LOSS,1723,1,6,0,2,0,0,0,1,4,0,0,1,2,-0.5
delgaan01,Angel Delgado,LOS ANGELES CLIPPERS,AWAY,MILWAUKEE BUCKS,LOSS,70,0,1,0,0,0,0,0,0,0,0,0,0,0,-0.7
hernaju01,Juan Hernangomez,DENVER NUGGETS,AWAY,HOUSTON ROCKETS,LOSS,876,0,1,0,0,0,0,0,0,0,0,0,0,1,-1.1
cunnida01,Dante Cunningham,SAN ANTONIO SPURS,HOME,CLEVELAND CAVALIERS,WIN,250,0,3,0,1,0,0,1,0,0,0,0,0,0,-1.4
grantje02,Jerian Grant,ORLANDO MAGIC,AWAY,DETROIT PISTONS,LOSS,135,0,3,0,2,0,0,0,0,1,0,0,0,0,-1.4
johnsam01,Amir Johnson,PHILADELPHIA 76ERS,HOME,BROOKLYN NETS,WIN,103,0,2,0,2,0,0,0,0,0,0,0,0,0,-1.4
clarkia01,Ian Clark,NEW ORLEANS PELICANS,HOME,SACRAMENTO KINGS,WIN,1916,2,11,2,6,0,0,0,0,3,0,0,2,2,-1.6
fraziti01,Tim Frazier,MILWAUKEE BUCKS,HOME,LOS ANGELES CLIPPERS,WIN,70,0,1,0,0,0,0,0,0,0,0,0,1,0,-1.7
thomala01,Lance Thomas,NEW YORK KNICKS,HOME,TORONTO RAPTORS,LOSS,1095,0,3,0,2,0,0,0,3,1,0,0,0,3,-1.7
houseda01,Danuel House,HOUSTON ROCKETS,HOME,DENVER NUGGETS,WIN,1201,0,5,0,5,0,0,0,0,2,1,0,0,2,-1.9
pachuza01,Zaza Pachulia,DETROIT PISTONS,HOME,ORLANDO MAGIC,WIN,553,0,0,0,0,1,2,0,1,0,0,0,2,3,-2.3
lylestr01,Trey Lyles,DENVER NUGGETS,AWAY,HOUSTON ROCKETS,LOSS,720,1,5,0,3,0,0,0,5,0,0,0,3,0,-2.6
leeco01,Courtney Lee,DALLAS MAVERICKS,AWAY,MIAMI HEAT,LOSS,414,0,3,0,1,0,0,0,0,0,0,0,1,0,-3.1
beaslma01,Malik Beasley,DENVER NUGGETS,AWAY,HOUSTON ROCKETS,LOSS,1401,1,9,0,7,2,2,0,2,0,1,0,3,1,-3.7
kurucro01,Rodions Kurucs,BROOKLYN NETS,AWAY,PHILADELPHIA 76ERS,LOSS,1385,0,3,0,2,0,4,0,5,1,0,0,1,3,-3.7
