Rk,Player,Pos,Age,Tm,G,MP,PER,TS%,3PAr,FTr,ORB%,DRB%,TRB%,AST%,STL%,BLK%,TOV%,USG%,,OWS,DWS,WS,WS/48,,OBPM,DBPM,BPM,VORP
1,Precious Achiuwa\achiupr01,PF,21,MIA,35,491,15.4,.587,.000,.559,11.1,20.8,16.2,6.6,1.5,4.1,15.0,19.4,,0.3,0.8,1.1,.111,,-2.5,-0.2,-2.7,-0.1
2,Jaylen Adams\adamsja01,PG,24,MIL,7,18,-6.6,.125,.250,.000,0.0,17.0,8.7,12.8,0.0,0.0,0.0,18.7,,-0.1,0.0,-0.1,-0.250,,-14.9,-5.0,-19.8,-0.1
3,Steven Adams\adamsst01,C,27,NOP,33,918,16.0,.597,.005,.422,16.1,19.6,17.8,9.9,1.5,2.2,18.4,12.6,,1.5,0.6,2.1,.110,,0.1,-1.0,-0.9,0.3
4,Bam Adebayo\adebaba01,C,23,MIA,33,1119,22.0,.631,.014,.451,7.6,23.1,15.8,27.6,1.3,3.2,16.3,24.0,,2.8,1.7,4.5,.193,,2.6,1.8,4.4,1.8
5,LaMarcus Aldridge\aldrila01,C,35,SAS,21,544,14.9,.545,.302,.149,3.2,14.9,9.0,10.2,0.7,2.9,7.0,22.6,,0.3,0.6,0.9,.076,,-0.2,-1.0,-1.2,0.1
6,Ty-Shon Alexander\alexaty01,SG,22,PHO,3,8,-11.9,.000,.333,.000,0.0,13.6,7.0,14.3,0.0,0.0,0.0,16.8,,-0.1,0.0,-0.1,-0.321,,-16.4,-4.8,-21.2,0.0
7,Nickeil Alexander-Walker\alexani01,SG,22,NOP,28,495,12.4,.508,.464,.166,1.1,13.7,7.4,15.3,2.8,1.8,12.4,22.2,,-0.1,0.4,0.3,.028,,-2.0,0.2,-1.8,0.0
8,Grayson Allen\allengr01,SG,25,MEM,23,551,12.5,.592,.689,.232,1.5,11.6,6.4,11.9,2.0,0.5,10.4,15.4,,0.7,0.6,1.2,.108,,-0.5,0.3,-0.2,0.3
9,Jarrett Allen\allenja01,C,22,TOT,35,977,23.6,.714,.031,.646,12.8,27.0,19.9,9.3,0.8,5.4,14.1,17.0,,3.2,1.2,4.5,.219,,3.1,0.3,3.4,1.3
10,Jarrett Allen\allenja01,C,22,BRK,12,320,21.5,.730,.000,.938,14.1,28.9,21.9,8.2,1.0,5.0,19.3,15.5,,1.0,0.4,1.4,.216,,1.3,0.6,1.9,0.3
11,Jarrett Allen\allenja01,C,22,CLE,23,657,24.6,.707,.042,.547,12.2,26.1,19.0,9.8,0.7,5.5,11.8,17.7,,2.2,0.8,3.0,.220,,3.9,0.2,4.1,1.0
12,Al-Farouq Aminu\aminual01,PF,30,ORL,9,163,11.8,.500,.349,.209,5.5,18.5,11.8,13.0,2.4,2.8,17.6,15.0,,0.0,0.2,0.2,.051,,-3.3,0.5,-2.8,0.0
13,Kyle Anderson\anderky01,PF,27,MEM,30,829,17.6,.586,.395,.275,3.6,20.9,12.0,17.9,2.1,2.4,11.8,19.8,,1.2,1.2,2.4,.140,,1.5,1.3,2.8,1.0
14,Giannis Antetokounmpo\antetgi01,PF,26,MIL,35,1189,29.0,.618,.207,.549,5.8,29.5,17.9,28.2,1.8,3.6,13.5,33.5,,3.7,2.1,5.8,.233,,5.8,2.4,8.1,3.1
15,Kostas Antetokounmpo\antetko01,PF,23,LAL,3,19,-0.2,.387,.000,.667,12.0,34.7,23.6,0.0,2.6,9.2,56.3,20.3,,-0.1,0.1,-0.1,-0.202,,-13.8,1.5,-12.3,0.0
16,Thanasis Antetokounmpo\antetth01,SF,28,MIL,26,227,11.4,.616,.209,.302,12.3,13.0,12.7,9.8,1.7,2.3,28.1,12.5,,0.2,0.3,0.4,.088,,-2.8,0.0,-2.8,0.0
17,Carmelo Anthony\anthoca01,PF,36,POR,34,870,14.9,.532,.386,.236,2.3,11.8,6.9,8.8,1.7,2.8,7.3,23.7,,0.6,0.5,1.1,.061,,-0.6,-1.4,-1.9,0.0
18,Cole Anthony\anthoco01,PG,20,ORL,25,667,10.2,.469,.309,.204,3.0,14.7,8.6,21.4,1.2,1.5,14.8,22.1,,-0.7,0.6,-0.1,-0.009,,-3.0,-1.1,-4.1,-0.4
19,OG Anunoby\anunoog01,SF,23,TOR,23,769,13.8,.607,.521,.223,4.7,14.8,9.6,7.3,2.3,2.3,12.7,16.8,,0.7,0.9,1.6,.097,,-0.3,0.5,0.2,0.4
20,Ryan Arcidiacono\arcidry01,PG,26,CHI,18,198,11.1,.565,.640,.180,1.2,17.1,9.3,14.8,1.2,0.0,6.9,12.5,,0.3,0.2,0.4,.108,,-2.0,0.3,-1.7,0.0
21,D.J. Augustin\augusdj01,PG,33,MIL,34,664,10.0,.520,.672,.213,1.8,5.4,3.6,18.8,1.4,0.1,13.0,14.6,,0.6,0.4,1.0,.075,,-1.1,-1.2,-2.3,0.0
22,Deni Avdija\avdijde01,SF,20,WAS,30,646,8.1,.538,.554,.121,2.1,21.1,11.4,8.0,1.4,0.8,12.7,12.2,,0.0,0.6,0.5,.041,,-3.3,-0.5,-3.8,-0.3
23,Deandre Ayton\aytonde01,C,22,PHO,35,1088,18.9,.624,.046,.240,12.5,28.3,20.6,8.0,0.5,3.1,13.1,19.2,,2.2,1.8,4.0,.175,,-0.1,-0.1,-0.2,0.5
24,Udoka Azubuike\azubuud01,C,21,UTA,12,49,10.6,.622,.000,.857,9.0,18.9,14.1,0.0,1.0,6.5,23.7,11.1,,0.0,0.1,0.1,.107,,-5.5,1.2,-4.3,0.0
25,Dwayne Bacon\bacondw01,SG,25,ORL,36,886,9.3,.505,.310,.210,1.4,11.1,6.0,6.0,1.3,0.3,6.7,18.7,,-0.2,0.6,0.4,.022,,-3.7,-1.4,-5.1,-0.7
26,Marvin Bagley III\baglema01,PF,21,SAC,34,888,15.9,.550,.236,.262,10.1,22.4,16.1,5.5,1.0,1.5,9.8,23.1,,0.7,0.2,0.8,.045,,-0.7,-2.9,-3.5,-0.3
27,LaMelo Ball\ballla01,PG,19,CHO,35,1010,18.8,.561,.413,.225,5.4,17.5,11.4,33.3,2.7,1.3,16.7,24.8,,1.4,1.2,2.6,.124,,2.2,0.9,3.1,1.3
28,Lonzo Ball\balllo01,PG,23,NOP,33,1048,15.0,.563,.626,.098,2.1,12.5,7.3,22.3,2.0,1.7,13.4,20.0,,1.3,0.6,1.8,.083,,1.1,-0.5,0.7,0.7
29,Mo Bamba\bambamo01,C,22,ORL,17,161,20.4,.582,.284,.090,11.8,30.8,21.0,4.2,0.9,7.5,9.1,20.4,,0.2,0.3,0.5,.141,,0.5,0.0,0.5,0.1
30,Desmond Bane\banede01,SG,22,MEM,28,639,11.7,.610,.507,.115,2.0,11.9,6.8,8.2,1.5,0.6,11.7,16.4,,0.5,0.6,1.1,.086,,-1.5,-0.5,-1.9,0.0
31,Harrison Barnes\barneha02,PF,28,SAC,33,1179,16.3,.624,.382,.414,3.0,16.1,9.4,13.6,1.1,0.4,9.6,17.6,,2.7,-0.1,2.6,.106,,1.8,-1.5,0.3,0.7
32,RJ Barrett\barrerj01,SG,20,NYK,37,1227,13.4,.520,.234,.268,4.0,15.0,9.6,14.3,1.0,0.6,10.6,23.7,,0.3,1.4,1.7,.067,,-1.3,-0.6,-2.0,0.0
33,Will Barton\bartowi01,SF,30,DEN,33,986,11.3,.537,.385,.146,2.2,13.2,7.8,14.0,1.3,1.4,13.4,18.3,,0.3,0.8,1.1,.053,,-1.2,-1.4,-2.5,-0.1
34,Keita Bates-Diop\bateske01,SF,25,SAS,13,107,12.6,.492,.452,.258,4.8,13.8,9.2,8.6,2.7,0.8,2.8,14.3,,0.1,0.1,0.2,.104,,-1.7,1.2,-0.5,0.0
35,Nicolas Batum\batumni01,SF,32,LAC,35,1031,13.5,.641,.677,.157,3.3,14.5,9.1,10.6,2.0,1.1,9.6,11.6,,1.9,1.1,3.0,.140,,0.9,0.4,1.3,0.9
36,Aron Baynes\baynear01,C,34,TOR,33,649,9.8,.498,.350,.100,9.0,22.1,15.4,7.8,0.7,1.7,12.6,15.9,,0.0,0.6,0.6,.045,,-3.6,-1.3,-4.9,-0.5
37,Kent Bazemore\bazemke01,SF,31,GSW,35,587,12.8,.611,.509,.183,2.5,16.1,9.4,13.4,2.4,2.9,16.7,16.4,,0.3,1.0,1.2,.101,,-1.6,2.0,0.4,0.4
38,Darius Bazley\bazleda01,PF,20,OKC,36,1104,9.3,.487,.462,.201,2.1,23.3,12.7,7.4,0.8,1.8,12.6,19.8,,-1.6,1.5,-0.1,-0.004,,-3.2,-0.9,-4.1,-0.6
39,Bradley Beal\bealbr01,SG,27,WAS,32,1143,24.8,.597,.289,.352,3.9,12.3,8.0,24.6,1.8,1.1,10.6,35.8,,2.7,0.8,3.5,.147,,6.0,-1.2,4.8,2.0
40,Malik Beasley\beaslma01,SG,24,MIN,33,1093,15.9,.582,.520,.131,2.5,12.9,7.5,12.4,1.2,0.5,8.5,24.4,,1.1,0.5,1.6,.071,,2.4,-2.1,0.3,0.6
41,Jordan Bell\belljo01,C,26,WAS,3,50,8.0,.333,.133,.000,10.3,23.6,16.9,13.2,0.9,5.2,16.7,14.9,,-0.1,0.1,0.0,-0.033,,-5.1,-1.2,-6.3,-0.1
42,DeAndre' Bembry\bembrde01,SF,26,TOR,27,443,10.5,.633,.256,.233,2.7,11.1,6.8,16.7,1.6,1.8,22.2,11.9,,0.4,0.4,0.7,.079,,-2.6,0.6,-2.0,0.0
43,Dāvis Bertāns\bertada01,PF,28,WAS,30,783,11.3,.601,.888,.264,1.8,11.0,6.3,4.9,1.1,0.8,5.9,16.2,,1.0,0.4,1.4,.086,,0.2,-1.6,-1.4,0.1
44,Patrick Beverley\beverpa01,PG,32,LAC,28,678,13.3,.613,.655,.220,4.6,12.9,8.8,11.7,1.8,2.8,12.2,14.4,,1.1,0.8,1.9,.134,,-0.1,0.9,0.8,0.5
45,Saddiq Bey\beysa01,SF,21,DET,34,778,12.5,.582,.693,.212,2.5,17.1,9.5,7.7,1.3,0.1,7.4,17.4,,0.9,0.6,1.5,.090,,0.3,-1.0,-0.8,0.3
46,Tyler Bey\beyty01,SF,22,DAL,4,13,14.0,.444,.000,.800,16.9,8.3,12.6,0.0,0.0,7.3,0.0,22.9,,0.0,0.0,0.0,.067,,-1.1,-3.4,-4.5,0.0
47,Khem Birch\birchkh01,C,28,ORL,35,703,15.6,.564,.085,.451,12.8,14.9,13.8,7.5,1.4,3.3,9.4,12.4,,1.3,0.7,2.0,.138,,-0.9,-0.6,-1.5,0.1
48,Goga Bitadze\bitadgo01,C,21,IND,16,148,14.1,.569,.319,.277,8.4,16.0,12.2,3.8,1.0,8.8,13.2,17.8,,0.1,0.2,0.3,.093,,-4.0,1.1,-2.9,0.0
49,Bismack Biyombo\biyombi01,C,28,CHO,33,736,12.0,.566,.007,.438,10.4,16.9,13.6,8.7,0.6,5.2,15.5,11.1,,0.8,0.7,1.5,.095,,-2.6,-0.3,-2.9,-0.2
50,Nemanja Bjelica\bjeline01,PF,32,SAC,19,342,15.0,.589,.375,.317,6.3,19.9,13.0,17.0,0.8,0.5,14.9,20.0,,0.5,0.0,0.5,.070,,-0.1,-1.3,-1.4,0.1
51,Eric Bledsoe\bledser01,SG,31,NOP,35,1038,12.7,.552,.493,.223,1.7,11.6,6.6,17.6,1.3,1.0,12.3,18.7,,1.0,0.3,1.2,.057,,-0.4,-1.6,-1.9,0.0
52,Keljin Blevins\blevike01,SF,25,POR,9,47,-3.6,.182,.364,.000,0.0,4.6,2.3,10.6,2.1,0.0,21.4,12.8,,-0.2,0.0,-0.2,-0.191,,-10.9,-3.2,-14.1,-0.1
53,Bogdan Bogdanović\bogdabo01,SG,28,ATL,11,249,9.9,.537,.736,.121,0.9,15.7,8.3,14.2,0.8,0.7,11.9,18.7,,0.1,0.1,0.2,.043,,-0.9,-1.3,-2.2,0.0
54,Bojan Bogdanović\bogdabo02,SF,31,UTA,36,1102,13.3,.587,.556,.248,1.8,11.4,6.8,9.2,0.8,0.1,9.6,20.8,,1.6,1.0,2.6,.114,,0.2,-0.9,-0.7,0.4
55,Bol Bol\bolbo01,PF,21,DEN,15,84,8.0,.612,.455,.091,0.0,14.7,7.5,6.3,1.2,5.8,25.9,16.1,,-0.1,0.1,0.0,-0.001,,-3.8,0.0,-3.8,0.0
56,Marques Bolden\boldema01,C,22,CLE,6,29,13.4,.537,.000,2.667,11.4,12.0,11.7,0.0,3.4,6.3,23.5,12.7,,0.0,0.0,0.0,.067,,-3.4,0.6,-2.8,0.0
57,Jordan Bone\bonejo01,PG,23,ORL,14,196,8.9,.519,.593,.000,2.0,11.0,6.4,13.2,0.5,0.0,5.3,12.5,,0.1,0.1,0.2,.054,,-2.6,-1.6,-4.2,-0.1
58,Isaac Bonga\bongais01,SF,21,WAS,22,271,5.1,.503,.644,.089,3.4,13.9,8.6,6.0,1.0,1.6,16.1,8.5,,0.0,0.2,0.1,.022,,-4.6,-1.2,-5.7,-0.3
59,Devin Booker\bookede01,SG,24,PHO,31,1050,18.6,.597,.304,.293,0.7,11.1,6.0,21.6,1.3,0.7,13.7,31.9,,1.0,1.2,2.3,.103,,0.8,-0.9,-0.1,0.5
60,Chris Boucher\bouchch01,C,28,TOR,36,851,22.9,.660,.425,.348,8.5,22.5,15.3,6.8,1.1,8.3,6.5,20.2,,2.6,1.2,3.9,.219,,3.4,0.3,3.7,1.2
61,Brian Bowen\bowenbr02,SF,22,IND,1,5,17.7,.615,.000,.500,0.0,22.6,11.3,0.0,0.0,0.0,0.0,21.1,,0.0,0.0,0.0,.155,,0.5,-2.4,-1.8,0.0
62,Avery Bradley\bradlav01,SG,30,MIA,10,211,10.4,.607,.576,.136,1.1,8.1,4.8,10.3,1.6,0.5,11.4,16.7,,0.1,0.2,0.3,.076,,-2.7,-0.6,-3.2,-0.1
63,Tony Bradley\bradlto01,C,23,PHI,12,127,20.8,.570,.026,.128,18.7,24.2,21.6,6.9,1.1,4.9,2.4,14.1,,0.4,0.2,0.6,.218,,2.1,-0.4,1.7,0.1
64,Jarrell Brantley\brantja01,PF,24,UTA,10,28,11.7,.550,.700,.000,7.9,18.4,13.3,0.0,1.7,2.8,9.1,16.9,,0.0,0.0,0.1,.103,,-1.6,0.3,-1.3,0.0
65,Ignas Brazdeikis\brazdig01,SF,22,NYK,4,7,11.3,.532,.000,2.000,15.5,15.0,15.2,17.6,0.0,0.0,34.7,18.2,,0.0,0.0,0.0,.032,,-2.9,-1.9,-4.8,0.0
66,Mikal Bridges\bridgmi01,SF,24,PHO,35,1131,16.9,.658,.479,.250,4.8,12.5,8.8,9.4,1.1,2.6,6.9,15.4,,2.8,1.4,4.2,.180,,2.4,0.7,3.1,1.5
67,Miles Bridges\bridgmi02,PF,22,CHO,35,937,12.7,.609,.446,.164,5.2,18.3,11.6,10.9,1.3,2.7,17.2,15.8,,0.7,0.9,1.6,.084,,-1.2,-0.2,-1.4,0.1
68,Malcolm Brogdon\brogdma01,PG,28,IND,34,1211,17.6,.546,.352,.157,2.5,12.2,7.3,27.4,1.6,0.6,9.7,26.1,,1.5,1.0,2.5,.101,,2.6,-1.4,1.2,1.0
69,Dillon Brooks\brookdi01,SF,25,MEM,29,846,11.2,.487,.381,.149,3.5,8.3,5.8,13.3,2.3,1.6,11.1,26.5,,-0.8,1.0,0.2,.009,,-3.1,-1.4,-4.5,-0.5
70,Bruce Brown\brownbr01,PG,24,BRK,33,698,16.2,.634,.165,.265,8.7,15.7,12.4,9.0,1.8,1.2,10.4,15.5,,1.5,0.6,2.1,.147,,-0.3,-0.1,-0.5,0.3
71,Jaylen Brown\brownja02,SG,24,BOS,33,1115,21.0,.591,.318,.271,3.7,15.1,9.3,20.0,1.6,1.3,11.9,30.1,,2.1,1.0,3.1,.132,,4.1,-0.8,3.3,1.5
72,Moses Brown\brownmo01,C,21,OKC,7,31,33.7,.650,.000,1.400,13.5,36.8,25.2,16.7,1.5,11.4,5.8,24.1,,0.1,0.1,0.2,.348,,5.3,3.8,9.1,0.1
73,Sterling Brown\brownst02,SG,25,HOU,32,713,11.9,.585,.648,.077,3.2,17.3,10.0,11.4,2.1,0.9,11.0,13.6,,0.6,0.9,1.5,.101,,-1.7,0.7,-1.0,0.2
74,Troy Brown Jr.\browntr01,SF,21,WAS,17,231,5.4,.459,.535,.169,3.6,20.0,11.6,7.5,0.4,0.8,13.6,15.8,,-0.3,0.1,-0.1,-0.029,,-4.3,-2.3,-6.6,-0.3
75,Jalen Brunson\brunsja01,PG,24,DAL,30,748,17.4,.646,.370,.286,0.9,14.3,7.7,20.7,1.0,0.0,11.4,19.6,,1.8,0.5,2.2,.144,,1.6,-1.0,0.5,0.5
76,Thomas Bryant\bryanth01,C,23,WAS,10,271,18.8,.704,.231,.264,6.9,17.0,11.9,8.6,0.7,2.6,9.8,17.2,,0.7,0.2,0.9,.161,,2.1,-1.7,0.4,0.2
77,Reggie Bullock\bullore01,SF,29,NYK,32,841,8.9,.536,.607,.098,1.3,12.3,6.9,7.2,1.2,0.8,8.3,14.6,,0.3,1.0,1.2,.070,,-2.3,0.3,-2.1,0.0
78,Trey Burke\burketr01,PG,28,DAL,33,537,13.8,.576,.507,.151,0.8,6.0,3.5,14.8,2.0,0.4,8.0,19.5,,0.7,0.3,1.0,.090,,-0.2,-0.1,-0.3,0.2
79,Alec Burks\burksal01,SG,29,NYK,25,617,13.4,.552,.515,.247,2.1,16.3,9.3,12.5,1.5,0.8,9.7,19.9,,0.5,0.8,1.4,.106,,-0.2,-0.1,-0.2,0.3
80,Jimmy Butler\butleji01,SF,31,MIA,22,729,25.4,.571,.108,.581,7.2,18.0,12.8,39.7,2.8,1.2,11.4,27.4,,2.3,1.2,3.5,.233,,4.3,2.5,6.8,1.6
81,Bruno Caboclo\cabocbr01,PF,25,HOU,6,36,9.2,.475,.294,.118,8.5,33.7,20.6,4.8,0.0,4.8,18.3,25.9,,-0.1,0.1,-0.1,-0.068,,-8.5,-2.1,-10.6,-0.1
82,Devontae Cacok\cacokde01,PF,24,LAL,4,17,21.0,.820,.000,.500,6.7,25.9,16.5,0.0,5.7,0.0,29.1,17.6,,0.0,0.0,0.0,.110,,1.2,5.0,6.2,0.0
83,Kentavious Caldwell-Pope\caldwke01,SG,27,LAL,33,863,9.7,.585,.567,.205,2.0,8.0,5.1,7.3,1.5,0.9,12.2,14.0,,0.6,1.2,1.7,.096,,-2.0,-0.1,-2.1,0.0
84,Facundo Campazzo\campafa01,PG,29,DEN,30,488,11.7,.580,.690,.294,1.2,6.0,3.6,16.1,2.9,1.4,14.9,15.0,,0.5,0.5,1.0,.103,,-2.0,0.5,-1.4,0.1
85,Vlatko Čančar\cancavl01,PF,23,DEN,20,122,7.6,.490,.500,.214,3.8,21.1,12.6,6.1,2.8,1.6,22.7,14.2,,-0.2,0.2,0.0,.011,,-4.7,1.2,-3.5,0.0
86,Clint Capela\capelca01,C,26,ATL,32,949,24.1,.593,.000,.283,18.4,33.7,26.1,5.1,1.2,6.6,10.4,20.0,,2.1,1.6,3.7,.188,,2.4,0.1,2.4,1.1
87,Vernon Carey Jr.\careyve01,C,19,CHO,3,6,29.7,.387,.333,.667,35.8,18.4,27.2,24.1,0.0,16.8,0.0,27.4,,0.0,0.0,0.0,.198,,7.5,-0.1,7.4,0.0
88,Jevon Carter\carteje01,PG,25,PHO,29,289,9.9,.465,.679,.024,1.2,12.8,7.2,15.7,2.2,2.2,5.6,13.9,,0.1,0.5,0.5,.087,,-2.6,2.9,0.3,0.2
89,Wendell Carter Jr.\cartewe01,C,21,CHI,23,618,16.2,.598,.101,.434,8.9,23.1,16.1,11.7,1.2,2.6,15.4,19.3,,0.8,0.7,1.6,.123,,-1.5,-0.1,-1.6,0.1
90,Michael Carter-Williams\cartemi01,SG,29,ORL,17,450,10.7,.476,.215,.264,6.0,13.2,9.5,22.8,1.1,1.9,16.6,18.4,,-0.1,0.4,0.2,.026,,-3.7,-0.1,-3.9,-0.2
91,Alex Caruso\carusal01,PG,26,LAL,29,577,10.9,.542,.483,.159,3.4,12.0,7.8,16.1,2.5,0.9,17.1,14.1,,0.2,1.0,1.2,.102,,-2.3,2.1,-0.3,0.3
92,Willie Cauley-Stein\caulewi01,C,27,DAL,31,537,14.5,.646,.054,.429,8.0,20.4,14.2,6.3,0.9,4.0,10.7,12.2,,1.0,0.6,1.6,.145,,-1.8,0.6,-1.2,0.1
93,Chris Chiozza\chiozch01,PG,25,BRK,15,136,14.2,.503,.489,.277,2.6,10.2,6.6,34.1,1.4,2.5,15.9,20.1,,0.2,0.1,0.3,.096,,-0.3,-0.5,-0.8,0.0
94,Marquese Chriss\chrisma01,PF,23,GSW,2,27,11.8,.412,.357,.286,11.8,38.5,25.3,11.1,0.0,6.6,11.3,27.9,,-0.1,0.1,0.0,-0.027,,-2.2,-1.0,-3.2,0.0
95,Gary Clark\clarkga01,SF,26,ORL,30,572,5.6,.431,.848,.080,5.1,12.4,8.6,5.8,0.9,1.0,11.5,9.8,,-0.2,0.4,0.1,.012,,-4.2,-1.1,-5.3,-0.5
96,Brandon Clarke\clarkbr01,PF,24,MEM,27,726,16.9,.559,.169,.195,6.4,17.1,11.6,8.6,2.2,2.2,5.1,18.1,,1.0,1.0,2.0,.135,,0.1,0.4,0.5,0.4
97,Jordan Clarkson\clarkjo01,SG,28,UTA,36,937,18.8,.581,.581,.113,3.6,12.4,8.2,14.4,1.8,0.6,10.0,28.3,,1.5,1.2,2.7,.137,,3.2,-0.5,2.7,1.1
98,Nicolas Claxton\claxtni01,C,21,BRK,5,76,29.7,.711,.034,.483,6.2,18.2,12.6,10.3,3.1,7.7,5.4,21.3,,0.3,0.1,0.5,.294,,3.7,4.4,8.1,0.2
99,Amir Coffey\coffeam01,SG,23,LAC,20,154,10.0,.637,.525,.225,2.2,8.5,5.5,7.1,1.3,0.0,15.4,14.9,,0.1,0.1,0.2,.061,,-1.7,-1.1,-2.8,0.0
100,John Collins\collijo01,PF,23,ATL,36,1104,19.4,.625,.274,.232,7.6,19.5,13.6,8.0,0.7,2.8,8.5,22.0,,2.7,0.9,3.6,.157,,2.2,-0.7,1.5,1.0
101,Mike Conley\conlemi01,PG,33,UTA,29,853,19.2,.588,.529,.209,3.6,8.8,6.3,28.7,2.4,0.3,12.0,22.7,,2.3,1.1,3.4,.194,,3.4,0.5,3.9,1.3
102,Pat Connaughton\connapa01,SG,28,MIL,33,697,12.7,.589,.665,.097,4.8,16.1,10.6,8.2,1.5,1.9,6.1,11.8,,1.1,0.8,1.9,.131,,0.5,0.4,0.9,0.5
103,Quinn Cook\cookqu01,PG,27,LAL,16,62,14.1,.585,.500,.192,0.0,8.9,4.5,12.1,0.8,1.4,9.6,21.9,,0.1,0.1,0.1,.108,,-0.3,-0.8,-1.1,0.0
104,Tyler Cook\cookty01,PF,23,BRK,4,17,1.6,.333,.000,.000,7.0,6.3,6.6,14.0,0.0,0.0,25.0,10.2,,0.0,0.0,0.0,-0.046,,-5.3,-1.5,-6.8,0.0
105,DeMarcus Cousins\couside01,C,30,HOU,25,506,15.1,.511,.552,.281,6.1,35.1,20.0,18.4,2.0,3.1,14.2,23.2,,-0.1,1.0,0.9,.081,,-1.5,1.9,0.4,0.3
106,Robert Covington\covinro01,PF,30,POR,33,1054,10.1,.513,.704,.115,2.6,19.7,11.0,6.9,2.5,3.3,13.5,12.1,,0.0,1.1,1.1,.048,,-2.7,1.0,-1.7,0.1
107,Torrey Craig\craigto01,SF,30,MIL,17,194,10.2,.490,.488,.047,7.2,15.2,11.3,8.0,2.2,2.7,10.2,10.6,,0.1,0.3,0.4,.096,,-2.0,0.9,-1.2,0.0
108,Jae Crowder\crowdja01,PF,30,PHO,32,883,11.7,.566,.756,.129,1.7,18.2,10.1,10.3,1.5,0.8,9.2,16.0,,0.6,1.2,1.8,.100,,-0.1,0.7,0.5,0.6
109,Jarrett Culver\culveja01,SG,21,MIN,19,376,9.3,.478,.273,.273,8.1,17.9,12.8,6.2,1.5,1.5,13.8,18.5,,-0.3,0.3,-0.1,-0.007,,-4.7,-2.0,-6.7,-0.4
110,Seth Curry\curryse01,SG,30,PHI,28,836,12.4,.614,.477,.198,0.7,6.5,3.7,13.0,1.4,0.8,12.6,16.5,,1.0,0.7,1.8,.102,,-0.3,-1.1,-1.4,0.1
111,Stephen Curry\curryst01,PG,32,GSW,35,1194,25.2,.646,.572,.274,1.5,15.2,8.4,32.6,1.8,0.1,12.1,32.5,,3.5,1.5,5.0,.200,,7.4,0.1,7.5,2.9
112,Anthony Davis\davisan02,PF,27,LAL,23,755,24.7,.588,.151,.339,7.1,21.3,14.3,15.7,2.0,4.7,9.3,27.9,,1.6,1.6,3.2,.205,,4.3,2.1,6.4,1.6
113,Ed Davis\davised01,C,31,MIN,19,264,12.1,.462,.000,.186,14.6,25.0,19.6,9.5,1.8,3.1,11.4,8.3,,0.3,0.3,0.6,.114,,-3.8,0.4,-3.4,-0.1
114,Terence Davis\daviste02,SG,23,TOR,30,442,11.7,.549,.588,.096,2.2,12.7,7.3,11.1,1.7,1.4,11.0,21.4,,0.0,0.4,0.4,.043,,-1.4,-1.2,-2.6,-0.1
115,DeMar DeRozan\derozde01,PF,31,SAS,29,981,21.6,.594,.130,.489,2.3,12.9,7.5,32.1,1.2,0.7,9.1,23.6,,3.0,1.0,4.0,.195,,3.6,0.0,3.6,1.4
116,Hamidou Diallo\diallha01,SG,22,OKC,32,761,15.1,.536,.138,.444,5.1,17.4,11.3,16.4,1.9,1.4,12.1,23.2,,0.2,1.1,1.3,.081,,-2.1,0.4,-1.7,0.1
117,Gorgui Dieng\dienggo01,C,31,MEM,22,371,19.4,.682,.444,.398,8.0,21.1,14.3,10.7,2.2,3.6,14.8,16.9,,0.9,0.6,1.5,.193,,1.7,1.0,2.6,0.4
118,Spencer Dinwiddie\dinwisp01,SG,27,BRK,3,64,10.1,.536,.438,.375,0.0,21.6,11.4,17.4,1.5,1.3,21.2,16.1,,0.0,0.1,0.1,.045,,-3.4,2.0,-1.4,0.0
119,Donte DiVincenzo\divindo01,SG,24,MIL,36,960,12.8,.528,.528,.099,4.8,13.4,9.2,14.4,1.9,0.7,11.0,17.2,,0.8,1.0,1.8,.089,,-0.2,-0.3,-0.5,0.4
120,Luka Dončić\doncilu01,PG,21,DAL,32,1125,26.2,.587,.356,.382,2.6,23.3,13.1,46.0,1.4,1.8,14.6,35.7,,2.7,1.2,4.0,.169,,6.7,0.8,7.5,2.7
121,Luguentz Dort\dortlu01,SG,21,OKC,35,1040,8.8,.511,.544,.229,2.4,9.7,6.1,7.4,1.4,0.9,11.0,19.9,,-0.8,1.1,0.3,.013,,-3.5,-1.1,-4.6,-0.7
122,Damyean Dotson\dotsoda01,SG,26,CLE,30,565,9.4,.492,.528,.132,0.8,10.0,5.3,17.1,1.0,0.6,10.3,17.7,,0.0,0.3,0.2,.019,,-2.3,-1.2,-3.5,-0.2
123,Devon Dotson\dotsode01,PG,21,CHI,1,10,6.8,.500,.000,.000,0.0,10.9,5.6,0.0,0.0,0.0,0.0,17.1,,0.0,0.0,0.0,.000,,-6.2,-2.3,-8.5,0.0
124,Sekou Doumbouya\doumbse01,PF,20,DET,32,439,5.9,.440,.426,.184,3.9,15.0,9.3,7.4,1.5,0.4,10.6,16.9,,-0.5,0.3,-0.2,-0.018,,-5.5,-1.9,-7.4,-0.6
125,PJ Dozier\doziepj01,SG,24,DEN,21,408,13.8,.553,.402,.299,5.1,17.6,11.4,11.4,1.3,3.1,10.0,17.1,,0.5,0.4,0.9,.105,,-0.3,-0.2,-0.5,0.1
126,Goran Dragić\dragigo01,PG,34,MIA,22,596,13.8,.573,.383,.273,1.4,11.0,6.4,29.5,1.1,0.7,17.7,25.9,,0.2,0.6,0.7,.059,,-1.1,-1.9,-3.0,-0.2
127,Andre Drummond\drumman01,C,27,CLE,25,722,20.8,.500,.021,.339,15.4,37.8,26.3,15.7,2.7,3.7,15.6,30.9,,-0.6,1.4,0.8,.050,,-0.5,0.2,-0.3,0.3
128,Jared Dudley\dudleja01,PF,35,LAL,11,76,5.5,.429,.714,.000,6.0,21.7,14.0,7.9,0.6,1.2,22.2,5.1,,0.0,0.1,0.1,.082,,-3.8,0.2,-3.6,0.0
129,Kevin Durant\duranke01,PF,32,BRK,19,679,25.2,.652,.315,.404,1.2,20.7,11.5,23.6,1.0,3.3,13.7,31.4,,2.0,0.7,2.7,.187,,5.4,0.0,5.4,1.2
130,Anthony Edwards\edwaran01,SG,19,MIN,36,1048,9.8,.466,.419,.162,2.5,12.6,7.3,13.4,1.4,1.2,10.3,25.6,,-1.5,0.6,-0.9,-0.043,,-2.7,-2.4,-5.1,-0.8
131,Carsen Edwards\edwarca01,SG,22,BOS,14,147,13.6,.568,.540,.143,1.5,9.3,5.4,6.2,1.3,0.6,2.9,20.2,,0.2,0.1,0.3,.103,,-1.8,-1.6,-3.4,-0.1
132,CJ Elleby\ellebcj01,SF,20,POR,13,105,10.8,.558,.613,.290,3.9,10.4,7.1,4.0,1.9,2.6,7.9,15.6,,0.1,0.1,0.1,.068,,-3.4,-0.5,-4.0,-0.1
133,Wayne Ellington\ellinwa01,SG,33,DET,28,650,13.2,.634,.784,.119,1.3,6.9,4.0,9.7,1.0,0.8,7.4,17.3,,1.0,0.3,1.3,.098,,2.0,-1.7,0.2,0.4
134,Joel Embiid\embiijo01,C,26,PHI,30,990,31.1,.646,.163,.636,7.4,30.3,19.3,17.5,1.8,3.7,12.1,34.1,,3.9,1.9,5.8,.283,,6.9,1.6,8.5,2.6
135,James Ennis\ennisja01,SF,30,ORL,24,514,12.9,.628,.392,.350,5.1,14.0,9.4,9.0,1.9,1.1,13.2,13.3,,0.7,0.5,1.2,.112,,-2.3,0.6,-1.7,0.0
136,Drew Eubanks\eubandr01,C,23,SAS,15,180,10.7,.468,.000,.392,5.1,21.7,13.3,6.7,0.3,7.7,11.8,16.3,,-0.1,0.3,0.2,.044,,-4.8,0.6,-4.2,-0.1
137,Dante Exum\exumda01,SG,25,CLE,6,116,6.0,.428,.423,.077,1.9,15.0,8.3,15.4,1.7,1.6,20.7,12.6,,-0.1,0.1,0.0,-0.017,,-4.8,1.7,-3.1,0.0
138,Tacko Fall\fallta01,C,25,BOS,8,57,22.4,.636,.000,.615,15.6,26.0,20.7,2.5,0.0,16.4,5.7,13.2,,0.1,0.1,0.3,.220,,-0.1,2.5,2.4,0.1
139,Derrick Favors\favorde01,C,29,UTA,34,550,20.2,.689,.008,.435,13.0,22.8,18.1,7.2,1.6,4.5,11.9,13.8,,1.7,1.1,2.8,.244,,0.3,2.0,2.3,0.6
140,Cristiano Felício\feliccr01,C,28,CHI,6,38,18.2,.731,.000,2.000,18.0,17.2,17.6,16.2,2.5,0.0,28.5,11.8,,0.1,0.0,0.2,.196,,1.8,1.8,3.6,0.1
141,Terrance Ferguson\fergute01,SG,22,PHI,9,34,-6.9,.200,.600,.000,0.0,3.1,1.6,7.1,0.0,0.0,37.5,10.0,,-0.1,0.0,-0.1,-0.164,,-11.9,-3.5,-15.4,-0.1
142,Bruno Fernando\fernabr01,C,22,ATL,18,151,6.8,.491,.080,.600,9.5,33.9,21.7,8.0,0.6,1.2,32.2,13.2,,-0.2,0.2,0.0,-0.008,,-5.3,-0.6,-5.9,-0.1
143,Yogi Ferrell\ferreyo01,PG,27,CLE,2,40,12.6,.434,.429,.095,8.2,11.6,9.9,20.4,3.7,2.3,12.1,26.8,,-0.1,0.1,0.0,-0.021,,-1.9,0.4,-1.5,0.0
144,Dorian Finney-Smith\finnedo01,PF,27,DAL,25,787,9.7,.553,.661,.067,5.0,12.7,8.9,5.8,1.5,1.2,7.5,11.2,,0.6,0.6,1.3,.077,,-1.3,-0.3,-1.6,0.1
145,Malachi Flynn\flynnma01,PG,22,TOR,15,125,3.3,.346,.578,.133,0.9,9.2,4.9,17.5,1.5,0.0,7.7,17.9,,-0.2,0.1,-0.2,-0.067,,-7.4,-1.3,-8.7,-0.2
146,Bryn Forbes\forbebr01,SG,27,MIL,36,675,11.9,.618,.629,.104,1.1,6.0,3.6,4.2,0.6,0.0,6.6,18.0,,0.9,0.3,1.2,.086,,0.2,-2.4,-2.2,0.0
147,Trent Forrest\forretr01,PG,22,UTA,7,20,6.7,.258,.667,.667,0.0,10.3,5.3,23.3,4.9,0.0,20.5,10.5,,0.0,0.0,0.0,.044,,-7.1,4.1,-3.0,0.0
148,Evan Fournier\fournev01,SF,28,ORL,21,613,17.9,.593,.496,.372,0.8,10.5,5.5,21.3,1.7,1.1,12.1,26.1,,0.9,0.5,1.4,.107,,1.5,-1.0,0.5,0.4
149,De'Aaron Fox\foxde01,PG,23,SAC,35,1198,18.8,.551,.297,.369,2.1,8.5,5.2,34.2,1.7,1.2,13.6,30.0,,1.6,0.0,1.6,.063,,2.3,-2.1,0.2,0.7
150,Tim Frazier\fraziti01,PG,30,MEM,3,33,0.3,.250,.250,.000,0.0,13.5,6.6,25.8,1.4,0.0,27.3,14.1,,-0.1,0.0,-0.1,-0.110,,-10.9,-2.6,-13.6,-0.1
151,Markelle Fultz\fultzma01,PG,22,ORL,8,215,12.0,.458,.154,.183,2.3,10.0,6.0,32.2,1.8,0.9,13.8,26.0,,-0.2,0.2,-0.1,-0.012,,-2.9,-1.7,-4.6,-0.1
152,Wenyen Gabriel\gabriwe01,PF,23,NOP,4,12,-0.3,.000,.333,.000,9.2,37.2,23.2,9.4,0.0,0.0,0.0,10.7,,0.0,0.0,0.0,-0.146,,-6.3,-5.0,-11.3,0.0
153,Daniel Gafford\gaffoda01,PF,22,CHI,26,343,17.7,.684,.000,.520,11.3,15.2,13.3,6.3,1.5,8.0,17.1,13.8,,0.7,0.5,1.2,.170,,-1.5,1.6,0.2,0.2
154,Danilo Gallinari\gallida01,PF,32,ATL,24,525,13.7,.582,.585,.367,1.0,15.8,8.4,10.6,1.2,0.5,10.1,21.8,,0.7,0.4,1.1,.099,,0.4,-1.4,-1.1,0.1
155,Langston Galloway\gallola01,SG,29,PHO,25,262,12.9,.635,.561,.195,1.8,9.2,5.6,8.4,0.8,0.0,7.3,16.4,,0.5,0.2,0.7,.127,,0.4,-0.9,-0.4,0.1
156,Darius Garland\garlada01,PG,21,CLE,28,922,12.6,.524,.307,.130,1.5,6.2,3.8,28.7,1.8,0.3,16.0,23.9,,-0.1,0.5,0.4,.021,,-0.6,-1.9,-2.5,-0.1
157,Marc Gasol\gasolma01,C,36,LAL,35,703,11.3,.561,.634,.269,4.1,18.5,11.4,12.5,1.2,5.6,16.7,11.1,,0.5,1.4,1.9,.130,,-1.7,2.9,1.2,0.6
158,Rudy Gay\gayru01,PF,34,SAS,26,572,13.9,.524,.434,.167,4.3,20.5,12.3,10.1,1.5,2.0,9.8,23.2,,-0.1,0.8,0.7,.057,,-0.6,-0.7,-1.3,0.1
159,Paul George\georgpa01,SF,30,LAC,27,904,22.7,.642,.468,.237,3.1,17.0,10.2,25.9,1.6,1.3,15.4,28.8,,2.3,1.0,3.3,.173,,5.6,-0.4,5.3,1.7
160,Taj Gibson\gibsota01,PF,35,NYK,12,181,12.4,.620,.226,.387,10.8,19.1,15.0,4.7,1.4,2.2,16.2,10.6,,0.2,0.3,0.5,.134,,-2.4,1.0,-1.4,0.0
161,Harry Giles\gilesha01,C,22,POR,22,260,11.3,.486,.129,.290,9.9,34.7,22.0,10.3,0.9,3.1,18.6,14.2,,0.0,0.3,0.3,.060,,-4.3,-0.5,-4.7,-0.2
162,Shai Gilgeous-Alexander\gilgesh01,SG,22,OKC,30,1020,22.0,.627,.316,.425,1.7,13.8,7.8,32.1,1.1,1.7,13.5,27.5,,2.5,1.1,3.6,.170,,4.0,0.3,4.4,1.6
163,Anthony Gill\gillan01,PF,28,WAS,12,67,8.0,.425,.700,.400,4.6,25.7,14.9,7.3,2.1,2.6,20.3,9.1,,0.0,0.1,0.0,.029,,-3.9,0.2,-3.7,0.0
164,Rudy Gobert\goberru01,C,28,UTA,36,1105,22.5,.649,.003,.644,12.0,32.7,22.7,6.4,0.7,7.1,14.0,17.7,,2.6,2.5,5.1,.220,,1.3,2.1,3.4,1.5
165,Brandon Goodwin\goodwbr01,PG,25,ATL,24,289,8.1,.438,.500,.226,1.1,9.0,5.1,21.3,1.7,0.0,10.0,19.2,,-0.1,0.2,0.0,.006,,-3.2,-0.3,-3.6,-0.1
166,Aaron Gordon\gordoaa01,PF,25,ORL,19,552,14.7,.528,.394,.376,6.0,20.3,12.9,22.4,1.2,2.7,17.6,23.4,,-0.1,0.6,0.5,.042,,0.5,0.1,0.6,0.4
167,Eric Gordon\gordoer01,SG,32,HOU,26,763,14.9,.582,.574,.314,0.9,7.1,3.9,15.3,0.9,1.5,11.2,25.1,,0.6,0.5,1.2,.074,,1.0,-1.4,-0.4,0.3
168,Devonte' Graham\grahade01,PG,25,CHO,25,821,12.1,.503,.652,.229,1.8,8.2,5.0,23.9,1.5,0.0,9.3,19.4,,0.8,0.4,1.2,.069,,-0.5,-1.4,-1.9,0.0
169,Jerami Grant\grantje01,SF,26,DET,33,1194,17.8,.571,.381,.353,2.2,14.7,8.2,13.9,1.0,2.7,8.4,26.9,,1.8,1.0,2.8,.111,,2.6,-0.8,1.8,1.1
170,Danny Green\greenda02,SF,33,PHI,36,1018,9.8,.547,.789,.074,3.5,10.1,6.9,8.0,2.1,2.4,14.2,13.5,,0.1,1.3,1.5,.069,,-1.2,0.5,-0.7,0.3
171,Draymond Green\greendr01,PF,30,GSW,31,918,11.4,.464,.339,.218,2.7,18.7,10.8,37.2,2.2,2.1,30.6,12.7,,0.1,1.5,1.6,.083,,-2.7,2.6,-0.1,0.4
172,JaMychal Green\greenja01,PF,30,DEN,25,512,14.7,.587,.533,.178,9.3,23.8,16.7,6.4,1.4,1.3,11.8,18.8,,0.7,0.6,1.3,.122,,0.3,-2.0,-1.7,0.0
173,Javonte Green\greenja02,SG,27,BOS,22,330,12.7,.624,.310,.423,6.7,10.4,8.5,4.1,2.7,0.6,12.5,12.5,,0.4,0.3,0.8,.110,,-1.4,0.9,-0.4,0.1
174,Jeff Green\greenje02,C,34,BRK,33,870,11.7,.642,.520,.220,2.0,12.6,7.6,6.9,1.3,0.8,9.9,13.6,,1.2,0.5,1.7,.096,,-0.6,-0.9,-1.5,0.1
175,Josh Green\greenjo02,SG,20,DAL,17,212,6.4,.514,.333,.306,6.2,13.8,10.0,6.2,0.9,0.4,21.2,10.8,,-0.1,0.1,0.1,.015,,-4.6,-0.6,-5.2,-0.2
176,Blake Griffin\griffbl01,PF,31,DET,20,626,9.9,.491,.559,.279,1.2,17.9,9.2,18.6,1.1,0.3,11.4,19.5,,-0.1,0.5,0.3,.026,,-1.5,-1.1,-2.6,-0.1
177,Kyle Guy\guyky01,PG,23,SAC,14,115,9.1,.431,.545,.182,2.8,10.9,6.7,17.0,1.7,0.0,5.9,18.7,,0.0,0.0,0.0,-0.008,,-3.5,-1.6,-5.1,-0.1
178,Rui Hachimura\hachiru01,PF,22,WAS,27,813,11.5,.546,.258,.356,3.7,15.6,9.5,8.1,1.1,0.2,8.3,17.2,,0.6,0.5,1.0,.061,,-1.7,-1.8,-3.5,-0.3
179,Ashton Hagans\haganas01,PG,21,MIN,2,4,-12.5,,,,0.0,0.0,0.0,0.0,0.0,0.0,100.0,10.5,,0.0,0.0,0.0,-0.350,,-13.8,-7.9,-21.7,0.0
180,Tyrese Haliburton\halibty01,PG,20,SAC,30,903,18.2,.619,.529,.077,3.5,9.8,6.6,24.7,2.2,1.7,12.5,17.3,,2.0,0.2,2.2,.117,,3.2,-0.4,2.8,1.1
181,Josh Hall\halljo01,SF,20,OKC,7,51,-2.4,.285,.444,.389,2.1,16.3,9.2,18.9,0.0,0.0,15.9,21.5,,-0.2,0.0,-0.2,-0.194,,-10.6,-3.7,-14.4,-0.2
182,R.J. Hampton\hamptrj01,PG,19,DEN,24,220,7.4,.481,.310,.172,5.3,18.8,12.2,7.0,1.1,0.9,15.0,14.6,,-0.1,0.2,0.1,.019,,-4.8,-1.1,-5.9,-0.2
183,Tim Hardaway Jr.\hardati02,SG,28,DAL,33,975,14.7,.577,.581,.187,1.4,10.3,5.9,8.9,1.0,0.6,6.0,22.6,,1.2,0.5,1.7,.083,,1.4,-1.8,-0.4,0.4
184,James Harden\hardeja01,PG-SG,31,TOT,31,1173,24.8,.642,.487,.412,2.6,19.7,11.5,44.5,1.5,1.5,17.7,27.4,,4.3,1.2,5.4,.222,,6.5,0.1,6.6,2.5
185,James Harden\hardeja01,SG,31,HOU,8,290,22.8,.613,.533,.444,1.8,13.7,7.5,48.3,1.1,1.8,17.4,28.8,,0.8,0.3,1.1,.177,,5.6,-1.0,4.6,0.5
186,James Harden\hardeja01,PG,31,BRK,23,883,25.5,.652,.471,.401,2.8,21.7,12.8,43.2,1.6,1.4,17.8,26.9,,3.5,0.9,4.3,.236,,6.8,0.5,7.3,2.0
187,Maurice Harkless\harklma01,SF,27,MIA,10,109,4.6,.551,.800,.200,1.1,7.9,4.7,8.5,0.9,2.9,15.5,5.3,,0.0,0.1,0.1,.057,,-3.1,0.6,-2.5,0.0
188,Jared Harper\harpeja01,PG,23,NYK,2,5,-11.9,.532,.000,2.000,0.0,0.0,0.0,0.0,0.0,0.0,51.5,34.2,,-0.1,0.0,0.0,-0.465,,-15.0,-8.5,-23.5,0.0
189,Montrezl Harrell\harremo01,C,27,LAL,37,891,22.5,.658,.018,.368,11.4,18.4,14.9,7.0,1.3,2.6,9.6,20.9,,2.7,1.6,4.3,.229,,2.3,0.3,2.6,1.0
190,Gary Harris\harriga01,SG,26,DEN,19,581,9.4,.544,.481,.192,2.6,6.6,4.6,7.1,1.4,0.7,7.6,13.8,,0.4,0.4,0.8,.064,,-2.1,-1.5,-3.6,-0.2
191,Jalen Harris\harrija01,SG,22,TOR,2,4,-10.6,,,,27.1,0.0,13.9,0.0,0.0,0.0,100.0,10.8,,0.0,0.0,0.0,-0.200,,-16.5,-4.8,-21.2,0.0
192,Joe Harris\harrijo01,SF,29,BRK,37,1144,15.1,.700,.657,.079,2.0,10.4,6.4,7.8,0.8,0.5,6.9,16.0,,2.7,0.5,3.2,.133,,2.3,-1.5,0.9,0.9
193,Tobias Harris\harrito02,PF,28,PHI,31,1066,19.4,.607,.270,.226,3.9,19.8,12.1,15.6,1.1,2.2,10.1,22.9,,2.2,1.4,3.6,.161,,2.8,0.1,2.9,1.3
194,Shaquille Harrison\harrish01,SG,27,UTA,17,56,6.6,.375,.100,.300,5.9,11.0,8.6,21.4,1.7,0.0,18.1,21.2,,-0.1,0.1,0.0,-0.035,,-6.5,-1.3,-7.9,-0.1
195,Josh Hart\hartjo01,SF,25,NOP,36,1032,12.4,.577,.576,.275,4.1,24.4,14.2,9.3,1.4,0.9,8.9,13.0,,1.4,0.6,2.1,.096,,-1.0,-0.2,-1.1,0.2
196,Isaiah Hartenstein\harteis01,C,22,DEN,26,243,15.6,.539,.000,.447,17.6,17.1,17.3,7.9,2.0,6.0,17.3,19.8,,0.2,0.4,0.6,.112,,-4.1,-0.7,-4.7,-0.2
197,Jaxson Hayes\hayesja02,C,20,NOP,25,311,15.7,.687,.000,.426,11.1,20.8,15.9,3.9,1.4,3.8,16.5,13.3,,0.6,0.2,0.8,.126,,-1.8,0.0,-1.8,0.0
198,Killian Hayes\hayeski01,PG,19,DET,7,148,-1.5,.334,.426,.043,0.7,5.5,3.0,24.1,0.7,0.0,26.2,19.1,,-0.6,0.0,-0.5,-0.177,,-9.3,-4.2,-13.6,-0.4
199,Gordon Hayward\haywago01,SF,30,CHO,31,1080,18.8,.595,.314,.264,2.7,14.3,8.4,17.8,1.8,1.1,9.9,24.5,,2.0,0.9,3.0,.132,,2.6,-0.6,2.0,1.1
200,Juan Hernangómez\hernaju01,PF,25,MIN,17,271,11.1,.513,.589,.211,4.9,25.6,14.8,5.3,1.0,0.6,6.6,16.3,,0.1,0.2,0.3,.049,,-1.8,-1.9,-3.7,-0.1
201,Willy Hernangómez\hernawi01,C,26,NOP,20,359,19.9,.576,.045,.327,16.4,26.7,21.5,10.1,0.9,2.8,8.0,16.2,,1.0,0.3,1.2,.162,,1.5,-1.9,-0.4,0.1
202,Tyler Herro\herroty01,SG,21,MIA,25,818,11.9,.535,.417,.165,1.6,17.3,9.8,18.1,0.9,1.3,14.2,23.6,,-0.5,0.9,0.5,.027,,-1.3,-1.2,-2.5,-0.1
203,Buddy Hield\hieldbu01,SG,28,SAC,36,1253,11.3,.551,.730,.126,1.0,13.6,7.2,12.4,1.1,0.7,10.7,20.3,,0.6,-0.1,0.5,.018,,-0.2,-2.0,-2.2,-0.1
204,George Hill\hillge01,PG,34,OKC,14,369,16.1,.630,.475,.208,2.3,5.9,4.1,18.2,1.6,0.5,8.4,16.9,,0.8,0.3,1.1,.144,,0.9,-0.5,0.4,0.2
205,Solomon Hill\hillso01,PF,29,ATL,36,686,6.6,.498,.738,.114,2.9,10.2,6.5,6.5,1.8,0.8,11.8,11.1,,0.0,0.5,0.5,.032,,-3.0,0.0,-3.0,-0.2
206,Nate Hinton\hintona01,SG,21,DAL,6,19,-6.5,.288,.385,.154,0.0,0.0,0.0,0.0,2.6,5.0,12.6,36.8,,-0.2,0.0,-0.2,-0.434,,-12.2,-5.6,-17.8,-0.1
207,Aaron Holiday\holidaa01,PG,24,IND,35,667,7.4,.470,.422,.156,1.2,6.6,3.9,13.0,1.4,0.5,9.6,19.7,,-0.6,0.4,-0.2,-0.011,,-4.0,-1.5,-5.5,-0.6
208,Jrue Holiday\holidjr01,PG,30,MIL,26,805,18.9,.577,.373,.145,4.1,10.4,7.3,22.8,2.8,1.5,10.9,20.2,,1.7,1.0,2.7,.160,,2.1,0.9,3.0,1.0
209,Justin Holiday\holidju01,SG,31,IND,35,1130,12.2,.628,.710,.165,2.2,11.7,6.9,7.1,1.8,1.1,7.9,13.5,,1.5,1.1,2.5,.106,,0.4,0.1,0.6,0.7
210,Richaun Holmes\holmeri01,C,27,SAC,32,942,19.0,.680,.022,.262,9.3,22.3,15.6,8.3,1.2,4.3,12.3,15.8,,2.4,0.5,2.8,.144,,-0.1,-0.2,-0.3,0.4
211,Rodney Hood\hoodro01,SF,28,POR,30,575,4.7,.434,.399,.048,1.4,8.0,4.6,7.6,1.4,0.5,12.7,14.7,,-0.7,0.1,-0.6,-0.052,,-6.1,-2.0,-8.1,-0.9
212,Al Horford\horfoal01,C,34,OKC,24,677,16.6,.527,.423,.058,3.6,21.0,12.3,20.6,1.5,2.7,7.8,22.4,,0.3,1.0,1.4,.096,,1.4,1.3,2.7,0.8
213,Talen Horton-Tucker\hortota01,SG,20,LAL,33,576,11.7,.517,.296,.183,2.0,13.4,7.8,16.5,2.3,2.9,15.7,20.6,,-0.3,1.1,0.8,.070,,-3.3,1.7,-1.6,0.1
214,Danuel House\houseda01,SF,27,HOU,22,602,9.0,.499,.592,.201,2.7,13.0,7.7,10.2,1.1,1.7,9.5,15.7,,-0.1,0.6,0.5,.039,,-2.7,-0.4,-3.1,-0.2
215,Dwight Howard\howardw01,C,35,PHI,36,574,15.7,.602,.080,.725,18.0,32.0,25.2,6.6,1.2,4.8,25.4,18.0,,0.3,1.1,1.4,.116,,-3.4,0.0,-3.4,-0.2
216,Markus Howard\howarma02,SG,21,DEN,17,55,-6.4,.251,.710,.065,0.0,10.2,5.2,13.9,1.8,0.0,11.1,28.5,,-0.4,0.0,-0.3,-0.298,,-14.3,-5.5,-19.8,-0.2
217,Kevin Huerter\huertke01,SG,22,ATL,36,1157,11.9,.541,.545,.088,2.5,9.9,6.2,17.0,1.9,0.5,10.5,16.6,,1.0,0.8,1.8,.076,,-0.6,0.1,-0.6,0.4
218,Elijah Hughes\hugheel01,SF,22,UTA,6,27,9.7,.477,.667,.267,0.0,15.2,7.9,16.5,1.8,2.9,19.3,33.0,,-0.1,0.0,0.0,-0.070,,-3.2,-1.3,-4.5,0.0
219,De'Andre Hunter\huntede01,SF,23,ATL,18,579,17.6,.640,.390,.348,3.0,15.2,9.2,10.9,1.4,1.4,9.4,19.8,,1.4,0.5,1.8,.151,,2.2,0.3,2.5,0.7
220,Chandler Hutchison\hutchch01,SF,24,CHI,7,64,0.5,.344,.167,.111,1.8,32.3,17.4,7.7,0.7,0.0,20.9,15.9,,-0.2,0.1,-0.1,-0.104,,-9.4,-1.5,-10.9,-0.1
221,Serge Ibaka\ibakase01,C,31,LAC,37,887,17.5,.583,.312,.132,8.0,22.7,15.5,10.9,0.5,4.5,10.7,19.7,,1.4,1.1,2.5,.135,,0.9,-0.4,0.5,0.6
222,Andre Iguodala\iguodan01,SF,37,MIA,34,735,9.8,.525,.762,.170,3.2,15.5,9.7,14.7,2.4,2.3,18.6,11.8,,0.0,1.1,1.1,.073,,-2.1,2.2,0.1,0.4
223,Joe Ingles\inglejo01,SF,33,UTA,32,846,16.5,.705,.694,.155,1.7,11.4,6.7,23.4,0.9,0.8,16.0,15.8,,2.5,0.9,3.4,.190,,3.1,0.8,3.9,1.3
224,Brandon Ingram\ingrabr01,SF,23,NOP,36,1255,20.4,.590,.346,.285,1.9,14.5,8.2,21.4,1.0,2.2,10.3,27.6,,3.0,0.4,3.4,.130,,4.1,-1.4,2.7,1.5
225,Kyrie Irving\irvinky01,PG,28,BRK,26,924,24.1,.617,.351,.201,4.0,10.7,7.5,27.5,1.5,1.5,9.3,29.8,,3.1,0.6,3.7,.191,,5.4,-1.1,4.2,1.4
226,Wesley Iwundu\iwundwe01,SF,26,DAL,20,246,3.9,.386,.489,.234,2.2,13.2,7.8,4.2,1.4,1.2,8.8,10.2,,-0.3,0.2,-0.1,-0.013,,-5.9,-0.1,-6.0,-0.3
227,Frank Jackson\jacksfr01,PG,22,DET,9,54,3.3,.364,.591,.000,0.0,17.1,8.2,27.3,0.9,0.0,15.4,20.9,,-0.1,0.0,-0.1,-0.098,,-6.4,-2.0,-8.4,-0.1
228,Josh Jackson\jacksjo02,SG,23,DET,32,797,12.6,.521,.390,.334,4.6,15.5,9.8,12.6,1.8,3.2,15.1,26.7,,-0.8,0.9,0.1,.006,,-2.1,-0.7,-2.8,-0.2
229,Justin Jackson\jacksju01,SF,25,OKC,25,405,9.7,.510,.530,.134,2.8,12.0,7.5,14.3,1.2,0.2,13.2,19.6,,-0.2,0.4,0.1,.018,,-2.7,-0.9,-3.7,-0.2
230,Reggie Jackson\jacksre01,SG,30,LAC,35,709,13.8,.569,.460,.164,2.1,11.9,7.1,20.4,1.4,0.4,11.5,18.9,,1.1,0.5,1.6,.108,,-0.4,-0.8,-1.2,0.1
231,Justin James\jamesju01,SF,24,SAC,13,69,8.3,.415,.391,.348,4.7,9.9,7.2,9.5,2.1,1.2,7.0,17.6,,-0.1,0.0,-0.1,-0.047,,-3.5,-2.4,-5.9,-0.1
232,LeBron James\jamesle01,PG,36,LAL,36,1245,24.4,.597,.349,.303,1.9,23.7,13.0,38.9,1.6,1.5,14.8,31.9,,2.6,2.3,4.9,.189,,5.9,1.7,7.5,3.0
233,DaQuan Jeffries\jeffrda01,SG,23,SAC,12,189,8.1,.527,.462,.135,4.0,8.4,6.2,2.7,1.3,1.8,8.3,13.5,,0.0,0.0,0.0,.006,,-3.4,-1.9,-5.3,-0.2
234,Ty Jerome\jeromty01,SG,23,OKC,4,100,13.2,.617,.633,.000,3.1,8.3,5.7,19.8,1.4,0.0,6.3,14.0,,0.2,0.1,0.3,.146,,-1.1,1.7,0.6,0.1
235,Isaiah Joe\joeis01,SG,21,PHI,20,240,9.7,.530,.759,.063,2.8,7.5,5.3,8.5,1.4,1.5,5.8,15.2,,0.2,0.2,0.4,.083,,-1.6,-0.7,-2.3,0.0
236,Cameron Johnson\johnsca02,PF,24,PHO,34,823,13.0,.587,.675,.129,2.7,12.7,7.8,7.7,1.3,1.1,7.9,17.8,,0.8,1.0,1.8,.106,,0.8,-0.4,0.4,0.5
237,James Johnson\johnsja01,PF,33,DAL,27,484,12.0,.525,.414,.186,2.7,15.9,9.4,13.8,2.3,4.3,14.7,16.1,,0.0,0.6,0.6,.060,,-2.1,2.2,0.1,0.3
238,Keldon Johnson\johnske04,SF,21,SAS,29,845,15.4,.561,.269,.316,5.7,18.2,11.9,10.9,1.3,1.4,10.1,20.7,,0.8,1.0,1.8,.104,,-0.2,-0.7,-0.9,0.2
239,Stanley Johnson\johnsst04,PF,24,TOR,32,441,9.0,.546,.633,.177,3.7,14.1,8.7,12.3,2.6,2.1,20.5,10.5,,0.1,0.5,0.6,.068,,-2.8,1.5,-1.3,0.1
240,Tyler Johnson\johnsty01,SG,28,BRK,18,250,9.9,.559,.708,.097,1.9,11.5,7.0,8.6,1.1,0.0,6.2,13.9,,0.3,0.1,0.4,.071,,-1.8,-1.6,-3.4,-0.1
241,Nikola Jokić\jokicni01,C,25,DEN,36,1293,31.5,.652,.201,.277,9.0,25.6,17.5,39.9,2.2,1.7,13.2,29.2,,6.5,1.9,8.3,.310,,9.1,2.5,11.6,4.4
242,Damian Jones\jonesda03,C,25,TOT,17,125,10.3,.636,.048,.619,8.3,12.2,10.3,4.1,0.4,6.4,18.3,11.6,,0.1,0.2,0.3,.116,,-5.4,1.6,-3.7,-0.1
243,Damian Jones\jonesda03,C,25,PHO,14,94,6.7,.528,.063,.688,8.6,12.8,10.7,5.4,0.5,4.8,22.4,12.8,,0.0,0.1,0.1,.054,,-7.2,1.1,-6.1,-0.1
244,Damian Jones\jonesda03,C,25,LAL,3,31,21.1,1.020,.000,.400,7.3,10.6,9.0,0.0,0.0,11.3,0.0,8.2,,0.1,0.1,0.2,.304,,0.2,3.4,3.6,0.0
245,Derrick Jones Jr.\jonesde02,SF,23,POR,31,838,12.9,.597,.429,.341,7.2,11.8,9.4,4.4,1.4,3.6,9.5,11.9,,1.3,0.4,1.7,.098,,-1.2,-0.1,-1.3,0.2
246,Mason Jones\jonesma05,SG,22,HOU,22,244,11.6,.576,.563,.494,1.7,19.0,10.0,18.5,1.2,0.0,19.7,23.1,,-0.1,0.2,0.2,.032,,-2.3,-1.0,-3.3,-0.1
247,Tre Jones\jonestr01,PG,21,SAS,12,43,16.0,.698,.067,.333,9.5,0.0,4.8,10.7,0.0,0.0,18.9,21.3,,0.1,0.0,0.1,.117,,-0.1,-3.3,-3.4,0.0
248,Tyus Jones\jonesty01,PG,24,MEM,32,691,15.9,.508,.339,.080,2.3,10.7,6.4,29.2,2.8,0.5,9.7,17.6,,0.8,0.8,1.6,.114,,0.1,0.9,1.0,0.5
249,DeAndre Jordan\jordade01,C,32,BRK,35,799,16.4,.737,.007,.371,9.4,26.5,18.4,11.1,0.7,5.4,25.1,12.8,,1.3,1.0,2.3,.140,,-0.6,1.3,0.7,0.5
250,Cory Joseph\josepco01,PG,29,SAC,36,749,9.3,.534,.373,.174,2.9,8.8,5.8,14.7,1.5,0.8,14.3,14.3,,0.4,-0.1,0.3,.018,,-3.5,-1.2,-4.7,-0.5
251,Mfiondu Kabengele\kabenmf01,PF,23,LAC,20,81,1.1,.360,.577,.154,1.4,13.5,7.6,7.9,1.2,3.2,15.3,17.9,,-0.2,0.1,-0.2,-0.089,,-9.2,-1.5,-10.6,-0.2
252,Frank Kaminsky\kaminfr01,C,27,PHO,27,428,16.4,.554,.376,.176,5.9,21.4,13.9,15.5,0.9,2.5,7.3,20.0,,0.6,0.6,1.3,.141,,0.9,1.1,2.1,0.4
253,Enes Kanter\kanteen01,C,28,POR,35,919,22.0,.622,.000,.282,16.4,31.9,23.9,6.7,1.0,2.5,10.9,17.6,,2.8,0.9,3.6,.191,,1.2,-2.1,-0.9,0.3
254,Luke Kennard\kennalu01,SG,24,LAC,34,684,11.0,.604,.562,.074,1.3,13.1,7.4,11.5,0.8,0.8,12.2,15.4,,0.7,0.5,1.2,.083,,-0.7,-1.3,-2.0,0.0
255,Maxi Kleber\klebima01,PF,29,DAL,22,569,11.8,.651,.752,.211,3.7,18.6,11.2,7.0,0.9,3.3,9.2,10.1,,0.9,0.5,1.4,.122,,-0.2,0.0,-0.1,0.3
256,Nathan Knight\knighna01,PF,23,ATL,10,58,14.4,.528,.391,.348,15.1,13.1,14.1,2.6,1.7,4.6,15.9,23.3,,0.0,0.1,0.1,.058,,-1.8,-1.1,-2.9,0.0
257,Kevin Knox\knoxke01,SF,21,NYK,26,397,8.3,.531,.605,.118,2.5,10.6,6.6,6.2,1.0,1.5,11.3,15.7,,0.0,0.4,0.4,.050,,-1.7,-0.5,-2.2,0.0
258,John Konchar\konchjo01,SG,24,MEM,19,308,12.4,.534,.348,.273,6.2,18.1,12.0,9.4,2.8,1.5,9.8,11.2,,0.3,0.5,0.8,.122,,-2.2,1.2,-1.0,0.1
259,Furkan Korkmaz\korkmfu01,SG,23,PHI,25,467,9.2,.520,.628,.167,1.2,12.7,7.2,6.4,1.5,0.8,11.0,19.7,,-0.2,0.5,0.3,.033,,-2.6,-1.0,-3.6,-0.2
260,Luke Kornet\kornelu01,PF,25,CHI,10,83,11.5,.484,.846,.077,1.4,18.4,10.1,6.2,1.1,6.2,3.6,14.4,,0.0,0.1,0.1,.066,,0.8,1.3,2.1,0.1
261,Rodions Kurucs\kurucro01,SF-PF,22,TOT,16,91,2.1,.322,.708,.083,2.2,14.4,8.3,8.6,3.1,3.8,26.6,15.9,,-0.4,0.1,-0.2,-0.117,,-8.8,1.8,-7.0,-0.1
262,Rodions Kurucs\kurucro01,PF,22,BRK,5,16,7.7,.500,.667,.000,0.0,20.0,10.5,14.9,0.0,0.0,0.0,8.2,,0.0,0.0,0.0,.081,,-1.2,0.4,-0.8,0.0
263,Rodions Kurucs\kurucro01,SF,22,HOU,11,75,0.9,.297,.714,.095,2.7,13.2,7.8,7.3,3.8,4.6,29.1,17.6,,-0.4,0.1,-0.2,-0.160,,-10.4,2.1,-8.3,-0.1
264,Kyle Kuzma\kuzmaky01,SF,25,LAL,36,932,13.2,.541,.488,.104,9.2,19.5,14.4,6.4,0.7,2.2,12.4,20.3,,0.2,1.5,1.7,.088,,-0.3,-1.0,-1.3,0.2
265,Jeremy Lamb\lambje01,SG,28,IND,21,486,16.8,.635,.461,.309,3.5,14.6,9.0,9.9,1.8,2.0,7.9,18.1,,1.1,0.5,1.6,.156,,1.7,0.4,2.1,0.5
266,Zach LaVine\lavinza01,SG,25,CHI,34,1209,22.8,.653,.414,.273,2.4,13.7,8.2,23.8,1.4,1.0,15.1,31.1,,2.9,1.1,4.0,.157,,4.9,-0.8,4.1,1.9
267,Jake Layman\laymaja01,SF,26,MIN,24,372,13.1,.607,.409,.235,1.9,9.0,5.3,6.4,2.5,2.4,11.8,16.2,,0.2,0.3,0.6,.071,,-1.9,0.5,-1.4,0.1
268,Jalen Lecque\lecquja01,PG,20,IND,3,9,24.1,.470,.250,.750,12.5,37.6,25.0,29.4,0.0,0.0,0.0,25.6,,0.0,0.0,0.0,.221,,2.9,-0.3,2.6,0.0
269,Damion Lee\leeda03,SG,28,GSW,37,712,11.8,.624,.780,.175,2.2,16.1,9.2,10.0,1.6,0.5,8.2,12.4,,0.9,0.9,1.8,.124,,-0.7,0.4,-0.3,0.3
270,Saben Lee\leesa01,PG,21,DET,15,238,16.3,.608,.086,.557,2.7,8.2,5.4,23.3,2.3,1.9,13.8,18.5,,0.4,0.2,0.6,.129,,-1.5,1.0,-0.5,0.1
271,Alex Len\lenal01,C,27,TOT,26,352,15.5,.660,.233,.488,5.6,19.2,12.2,9.4,1.2,8.2,19.3,15.4,,0.3,0.5,0.8,.108,,-2.0,1.8,-0.2,0.2
272,Alex Len\lenal01,C,27,TOR,7,76,4.3,.633,.600,.600,0.0,16.6,8.1,5.2,0.6,8.1,38.8,11.7,,-0.1,0.1,-0.1,-0.032,,-6.8,1.2,-5.6,-0.1
273,Alex Len\lenal01,C,27,WAS,19,276,18.6,.664,.184,.474,7.1,19.8,13.4,10.6,1.3,8.2,15.6,16.3,,0.5,0.4,0.8,.147,,-0.7,2.0,1.2,0.2
274,Kawhi Leonard\leonaka01,SF,29,LAC,30,1039,26.7,.619,.276,.336,3.1,16.8,10.1,23.6,2.1,1.3,8.2,29.9,,3.9,1.2,5.1,.234,,5.5,0.5,6.0,2.1
275,Meyers Leonard\leoname01,C,28,MIA,3,29,6.6,.635,1.000,.286,0.0,25.9,13.6,10.0,0.0,0.0,20.2,15.2,,0.0,0.0,0.0,.045,,-3.5,-0.9,-4.4,0.0
276,Caris LeVert\leverca01,SG,26,BRK,12,334,19.2,.516,.315,.170,3.6,13.4,8.7,33.6,1.9,1.5,10.8,31.4,,0.3,0.3,0.6,.087,,1.3,-0.7,0.6,0.2
277,Kira Lewis Jr.\lewiski01,PG,19,NOP,21,273,10.5,.471,.361,.185,0.8,6.1,3.5,19.0,2.1,0.4,7.2,19.6,,0.1,0.1,0.2,.029,,-3.4,-1.4,-4.8,-0.2
278,Damian Lillard\lillada01,PG,30,POR,34,1224,26.6,.618,.537,.359,1.3,11.6,6.3,37.8,1.4,0.7,11.9,32.7,,5.1,0.3,5.4,.212,,7.8,-1.6,6.2,2.6
279,Nassir Little\littlna01,PF,20,POR,20,239,14.7,.648,.529,.357,6.1,14.1,10.0,4.2,0.6,1.9,11.0,16.4,,0.5,0.1,0.6,.115,,0.3,-2.4,-2.0,0.0
280,Kevon Looney\looneke01,C,24,GSW,27,401,14.3,.637,.081,.284,12.7,16.9,14.8,14.4,1.2,1.8,17.0,10.6,,0.9,0.5,1.4,.168,,-0.9,0.5,-0.4,0.2
281,Brook Lopez\lopezbr01,C,32,MIL,36,975,13.2,.588,.523,.202,5.4,14.0,9.8,2.9,0.9,4.4,8.9,15.5,,1.1,1.1,2.2,.108,,-0.4,-0.5,-0.9,0.3
282,Robin Lopez\lopezro01,C,32,WAS,34,690,15.0,.632,.069,.402,11.7,10.3,11.0,6.7,0.7,2.7,14.3,15.6,,1.2,0.4,1.6,.109,,-0.6,-1.8,-2.4,-0.1
283,Kevin Love\loveke01,PF,32,CLE,2,46,11.1,.470,.500,.278,4.8,25.2,14.7,15.9,1.1,0.0,12.9,21.7,,0.0,0.0,0.0,.012,,-1.2,-0.8,-2.1,0.0
284,Kyle Lowry\lowryky01,PG,34,TOR,29,1002,17.4,.610,.541,.278,2.6,15.6,8.9,31.1,1.6,0.6,16.1,22.0,,2.1,0.9,2.9,.140,,2.0,-0.6,1.4,0.9
285,Timothé Luwawu-Cabarrot\luwawti01,SF,25,BRK,34,669,9.3,.527,.661,.118,3.2,9.9,6.7,8.3,1.7,0.6,9.7,16.7,,0.2,0.4,0.6,.042,,-2.1,-1.3,-3.5,-0.2
286,Trey Lyles\lylestr01,PF,25,SAS,19,311,12.9,.602,.446,.229,2.6,23.4,12.9,4.9,0.8,0.3,3.2,13.1,,0.4,0.3,0.8,.117,,-0.2,-0.4,-0.6,0.1
287,Thon Maker\makerth01,C,23,CLE,8,76,18.8,.657,.111,.611,11.6,15.2,13.4,7.7,1.3,4.8,11.6,14.7,,0.2,0.1,0.3,.180,,0.3,1.2,1.5,0.1
288,Théo Maledon\maledth01,PG,19,OKC,31,797,8.0,.519,.583,.147,0.9,11.1,6.0,18.4,1.9,0.2,19.4,15.8,,-0.5,0.9,0.4,.023,,-4.6,0.0,-4.6,-0.5
289,Karim Mané\maneka01,PG,20,ORL,6,56,-0.8,.325,.222,.444,0.0,19.2,9.3,2.3,0.0,1.7,21.8,10.5,,-0.1,0.0,-0.1,-0.093,,-9.4,-2.0,-11.4,-0.1
290,Terance Mann\mannte01,SG,24,LAC,35,549,11.8,.576,.264,.310,6.5,16.5,11.6,10.8,1.3,1.0,13.6,13.7,,0.7,0.5,1.2,.108,,-1.8,0.1,-1.8,0.0
291,Nico Mannion\mannini01,PG,19,GSW,7,67,5.1,.363,.609,.174,0.0,18.6,9.4,35.1,2.1,0.0,22.0,20.1,,-0.2,0.1,-0.1,-0.059,,-6.3,-0.2,-6.6,-0.1
292,Boban Marjanović\marjabo01,C,32,DAL,18,141,20.1,.525,.056,.194,21.1,33.8,27.5,3.6,0.3,0.7,9.3,26.9,,0.2,0.2,0.3,.105,,-0.1,-4.5,-4.6,-0.1
293,Lauri Markkanen\markkla01,PF,23,CHI,14,426,17.3,.654,.546,.243,2.1,19.7,11.1,4.2,1.0,1.0,10.5,22.9,,0.7,0.4,1.1,.119,,1.8,-1.4,0.3,0.3
294,Naji Marshall\marshna01,SF,23,NOP,3,8,-0.5,.174,.500,1.000,0.0,27.9,13.9,14.1,0.0,0.0,0.0,15.3,,0.0,0.0,0.0,-0.158,,-7.0,-3.0,-10.0,0.0
295,Caleb Martin\martica02,SF,25,CHO,26,395,11.7,.495,.429,.195,5.4,14.8,10.1,10.6,2.6,1.8,10.5,17.3,,0.0,0.4,0.4,.053,,-1.7,-0.3,-2.0,0.0
296,Cody Martin\martico01,SF,25,CHO,23,268,12.7,.570,.313,.156,7.6,14.4,11.0,12.2,2.1,1.5,18.0,13.2,,0.2,0.3,0.5,.084,,-1.3,-0.2,-1.4,0.0
297,Kelan Martin\martike03,SF,25,IND,12,48,4.6,.431,.450,.100,2.3,25.9,14.1,0.0,3.0,0.0,16.1,22.5,,-0.2,0.1,-0.1,-0.096,,-7.4,-0.9,-8.3,-0.1
298,Kenyon Martin Jr.\martike04,SF,20,HOU,7,69,9.1,.394,.148,.185,11.9,17.6,14.6,8.9,1.4,6.3,14.6,21.2,,-0.2,0.1,-0.1,-0.040,,-5.9,-0.6,-6.5,-0.1
299,Frank Mason III\masonfr01,PG,26,ORL,4,79,7.5,.462,.208,.292,3.8,12.3,7.9,21.8,0.0,0.0,15.6,17.4,,0.0,0.0,0.0,-0.007,,-6.1,-3.1,-9.2,-0.1
300,Garrison Mathews\mathega01,SG,24,WAS,28,454,13.6,.649,.794,.397,2.5,9.0,5.7,3.9,2.0,1.0,2.6,13.9,,1.0,0.3,1.3,.143,,0.0,0.0,0.0,0.2
301,Dakota Mathias\mathida01,SG,25,PHI,8,123,9.8,.474,.542,.125,0.9,5.2,3.1,15.1,0.4,2.2,1.9,17.8,,0.1,0.1,0.1,.054,,-1.9,-1.7,-3.6,0.0
302,Wesley Matthews\matthwe02,SG,34,LAL,30,605,6.3,.510,.780,.127,2.3,5.8,4.1,7.1,1.2,1.6,10.7,10.0,,0.1,0.8,0.9,.070,,-3.2,0.1,-3.1,-0.2
303,Tyrese Maxey\maxeyty01,SG,20,PHI,32,519,12.6,.504,.227,.103,1.7,10.6,6.3,17.4,1.4,0.9,8.0,22.5,,0.1,0.5,0.6,.059,,-2.2,-0.9,-3.1,-0.1
304,Skylar Mays\mayssk01,SG,23,ATL,16,132,16.3,.545,.469,.367,5.0,4.9,5.0,20.2,2.2,0.0,6.6,19.8,,0.3,0.1,0.4,.138,,2.1,-0.6,1.5,0.1
305,Patrick McCaw\mccawpa01,SF,25,TOR,3,20,5.9,,,,5.4,0.0,2.8,24.2,0.0,0.0,,0.0,,0.1,0.0,0.0,.117,,-2.4,0.8,-1.7,0.0
306,CJ McCollum\mccolcj01,SG,29,POR,13,440,26.4,.620,.550,.173,1.6,10.9,6.1,26.2,1.9,0.8,4.4,28.6,,1.9,0.2,2.1,.228,,7.7,-0.7,6.9,1.0
307,T.J. McConnell\mccontj01,PG,28,IND,32,810,16.0,.543,.100,.095,3.1,13.2,8.1,35.8,3.7,1.3,23.3,13.8,,0.8,1.2,2.0,.121,,-0.3,2.4,2.1,0.8
308,Jaden McDaniels\mcdanja02,PF,20,MIN,30,574,7.3,.484,.557,.154,3.2,16.2,9.4,7.2,0.8,4.3,12.6,13.3,,-0.3,0.4,0.1,.008,,-4.7,-0.2,-4.8,-0.4
309,Jalen McDaniels\mcdanja01,SF,23,CHO,17,213,6.9,.518,.348,.288,4.0,19.2,11.5,5.2,0.5,1.9,15.8,17.6,,-0.2,0.2,0.0,-0.002,,-5.1,-2.3,-7.4,-0.3
310,Doug McDermott\mcderdo01,PF,29,IND,34,882,14.2,.608,.439,.160,4.3,12.9,8.6,7.6,0.6,0.3,8.2,19.7,,1.2,0.5,1.7,.094,,0.9,-2.1,-1.2,0.2
311,Sean McDermott\mcderse01,SF,24,MEM,8,126,7.3,.605,.652,.261,3.4,7.1,5.2,3.9,0.4,1.5,13.5,9.9,,0.1,0.1,0.2,.061,,-2.7,-2.0,-4.7,-0.1
312,JaVale McGee\mcgeeja01,C,33,CLE,27,411,16.5,.523,.098,.264,11.2,27.3,19.1,10.4,1.6,7.3,15.6,24.1,,-0.2,0.7,0.5,.057,,-3.2,0.9,-2.3,0.0
313,Rodney McGruder\mcgruro01,SG,29,DET,12,115,16.2,.624,.372,.140,3.7,8.0,5.8,17.4,1.7,0.8,11.6,19.5,,0.2,0.1,0.3,.114,,1.0,-0.7,0.2,0.1
314,Alfonzo McKinnie\mckinal01,SF,28,LAL,18,84,17.5,.626,.400,.267,9.5,17.0,13.3,1.8,1.2,0.0,2.9,17.9,,0.2,0.1,0.3,.191,,1.7,-1.3,0.4,0.1
315,Jordan McLaughlin\mclaujo01,PG,24,MIN,24,467,12.1,.447,.326,.071,2.8,10.3,6.4,33.8,2.4,0.7,15.2,15.4,,0.1,0.3,0.4,.044,,-1.8,-0.5,-2.3,0.0
316,Ben McLemore\mclembe01,SG,27,HOU,24,372,7.9,.496,.729,.164,2.7,12.2,7.3,9.3,1.8,0.2,13.3,19.9,,-0.4,0.4,0.0,-0.005,,-3.5,-1.2,-4.7,-0.3
317,Nicolò Melli\mellini01,PF,30,NOP,17,186,3.8,.344,.825,.125,1.8,21.0,11.4,10.3,2.1,0.5,14.2,11.3,,-0.2,0.1,-0.1,-0.029,,-6.0,0.7,-5.4,-0.2
318,De'Anthony Melton\meltode01,PG,22,MEM,20,408,17.6,.590,.484,.130,2.6,14.2,8.2,20.4,2.8,3.3,12.8,20.2,,0.5,0.6,1.1,.135,,1.5,2.1,3.6,0.6
319,Sam Merrill\merrisa01,SG,24,MIL,13,77,10.4,.531,.647,.118,5.6,13.2,9.5,17.0,1.2,0.0,14.4,11.4,,0.1,0.1,0.2,.105,,-1.3,-1.0,-2.3,0.0
320,Chimezie Metu\metuch01,C,23,SAC,11,71,20.3,.545,.100,.300,16.7,19.2,18.0,10.4,2.0,7.2,15.0,23.9,,0.1,0.1,0.1,.084,,-0.7,-0.5,-1.3,0.0
321,Khris Middleton\middlkh01,SF,29,MIL,36,1203,19.7,.612,.350,.235,2.8,16.1,9.6,24.7,1.6,0.4,13.4,24.4,,2.9,1.2,4.1,.164,,3.2,-0.4,2.8,1.5
322,Darius Miller\milleda01,SF,30,OKC,12,111,12.6,.671,.875,.125,0.9,13.1,7.0,12.8,2.2,3.2,16.5,11.9,,0.1,0.2,0.3,.124,,-0.9,2.4,1.5,0.1
323,Patty Mills\millspa02,PG,32,SAS,32,824,14.4,.601,.650,.119,1.2,6.2,3.7,15.2,1.2,0.1,8.7,20.4,,1.1,0.6,1.7,.099,,1.6,-1.7,-0.1,0.4
324,Paul Millsap\millspa01,PF,35,DEN,26,621,17.1,.630,.413,.312,7.6,16.8,12.3,9.5,1.7,2.2,10.8,17.0,,1.3,0.7,2.0,.156,,1.6,-0.7,0.9,0.5
325,Shake Milton\miltosh01,SG,24,PHI,28,703,14.5,.555,.324,.317,2.7,6.5,4.7,18.3,1.2,0.9,11.0,23.7,,0.8,0.6,1.4,.098,,-1.0,-1.4,-2.4,-0.1
326,Donovan Mitchell\mitchdo01,SG,24,UTA,34,1154,19.0,.549,.433,.266,3.5,10.9,7.3,26.0,1.4,0.7,11.7,32.2,,1.9,1.3,3.2,.134,,2.7,-1.0,1.7,1.1
327,Adam Mokoka\mokokad01,SG,22,CHI,7,42,5.4,.393,.571,.000,2.7,7.8,5.3,12.4,2.3,2.0,12.5,16.3,,-0.1,0.0,0.0,-0.032,,-5.8,-0.8,-6.6,0.0
328,Malik Monk\monkma01,SG,22,CHO,22,499,14.4,.609,.552,.211,1.7,12.2,6.9,12.6,0.6,0.4,11.9,23.5,,0.5,0.2,0.8,.073,,0.7,-2.6,-1.8,0.0
329,E'Twaun Moore\mooreet01,SG,31,PHO,22,334,8.4,.473,.263,.105,3.8,9.2,6.5,13.9,2.1,1.1,15.3,15.7,,-0.2,0.4,0.3,.036,,-4.8,0.9,-3.9,-0.2
330,Ja Morant\moranja01,PG,21,MEM,24,738,19.2,.540,.237,.364,2.9,8.9,5.8,38.3,1.6,0.5,13.6,29.1,,1.0,0.7,1.7,.108,,2.4,-1.8,0.6,0.5
331,Juwan Morgan\morgaju01,PF,23,UTA,15,71,7.2,.494,.714,.357,6.2,14.5,10.5,7.3,2.1,0.0,11.0,11.0,,0.0,0.1,0.1,.084,,-4.1,1.5,-2.6,0.0
332,Marcus Morris\morrima03,PF,31,LAC,28,684,13.9,.588,.509,.153,3.4,13.7,8.7,5.3,1.1,1.0,7.8,20.6,,0.8,0.5,1.4,.097,,0.5,-1.7,-1.2,0.1
333,Markieff Morris\morrima02,PF,31,LAL,31,539,9.3,.526,.600,.200,4.6,19.4,12.1,7.7,0.6,1.3,10.2,14.2,,0.2,0.8,1.0,.091,,-2.3,-0.2,-2.5,-0.1
334,Monte Morris\morrimo01,PG,25,DEN,35,949,13.8,.570,.372,.205,0.9,8.1,4.6,16.8,1.2,1.0,6.9,16.1,,1.6,0.6,2.2,.112,,0.2,-1.3,-1.1,0.2
335,Mychal Mulder\muldemy01,PG,26,GSW,34,360,10.1,.611,.861,.139,0.3,8.7,4.5,5.8,1.0,1.7,6.5,14.4,,0.2,0.3,0.6,.077,,-1.4,-0.7,-2.2,0.0
336,Dejounte Murray\murrade01,PG,24,SAS,32,992,17.2,.520,.231,.152,2.0,21.9,11.8,26.5,2.5,0.3,9.9,23.4,,0.5,1.5,2.1,.101,,-0.1,1.2,1.1,0.8
337,Jamal Murray\murraja01,PG,23,DEN,34,1204,18.7,.602,.403,.219,2.3,11.0,6.7,19.5,1.6,0.9,11.3,25.2,,2.5,1.0,3.4,.136,,2.7,-1.1,1.5,1.1
338,Mike Muscala\muscami01,C,29,OKC,34,633,14.6,.594,.692,.133,3.1,18.0,10.6,6.9,0.6,1.5,7.0,20.6,,0.6,0.7,1.4,.103,,0.7,-1.2,-0.5,0.3
339,Sviatoslav Mykhailiuk\mykhasv01,SF,23,DET,35,608,9.9,.528,.759,.142,1.9,11.2,6.4,12.2,2.0,0.9,14.4,18.8,,-0.3,0.5,0.2,.019,,-1.5,-1.0,-2.5,-0.1
340,Abdel Nader\naderab01,SF,27,PHO,19,273,13.0,.599,.367,.278,1.3,17.2,9.4,7.7,1.1,2.3,11.4,18.7,,0.2,0.4,0.6,.100,,-1.4,0.8,-0.7,0.1
341,Larry Nance Jr.\nancela02,PF,28,CLE,19,635,13.1,.571,.434,.145,4.7,18.6,11.5,13.7,2.9,1.4,15.4,12.4,,0.5,0.8,1.2,.094,,-1.0,2.0,1.0,0.5
342,Aaron Nesmith\nesmiaa01,SF,21,BOS,18,281,6.2,.549,.762,.190,4.0,13.8,8.8,3.3,0.5,1.7,13.9,12.1,,0.0,0.2,0.2,.035,,-3.8,-0.9,-4.7,-0.2
343,Raul Neto\netora01,PG,28,WAS,29,591,12.6,.547,.383,.153,2.3,9.6,5.9,14.3,2.6,0.3,9.1,16.1,,0.4,0.5,0.9,.074,,-1.5,0.1,-1.4,0.1
344,Georges Niang\niangge01,PF,27,UTA,36,481,9.9,.573,.701,.030,2.8,14.1,8.6,7.0,1.1,0.5,12.0,17.2,,0.2,0.6,0.8,.081,,-2.0,0.1,-1.9,0.0
345,Zeke Nnaji\nnajize01,PF,20,DEN,23,248,10.4,.640,.590,.115,4.7,10.4,7.6,1.6,0.6,0.8,7.2,12.2,,0.3,0.1,0.5,.090,,-0.7,-2.2,-2.9,-0.1
346,Nerlens Noel\noelne01,C,26,NYK,32,710,14.8,.629,.018,.297,10.4,18.8,14.7,3.9,2.3,9.0,22.8,10.1,,0.5,1.6,2.1,.144,,-2.7,3.4,0.7,0.5
347,Jaylen Nowell\nowelja01,SG,21,MIN,22,367,12.5,.531,.424,.218,2.8,9.8,6.1,9.9,1.3,0.9,6.1,22.6,,0.2,0.2,0.4,.047,,-1.6,-1.9,-3.5,-0.1
348,Frank Ntilikina\ntilila01,PG,22,NYK,9,127,13.0,.663,.568,.135,0.9,5.0,2.9,8.2,3.1,0.0,11.3,15.4,,0.2,0.2,0.4,.135,,-1.5,2.0,0.5,0.1
349,Kendrick Nunn\nunnke01,PG,25,MIA,28,839,13.1,.573,.482,.118,2.0,10.2,6.3,14.8,1.9,1.1,12.6,21.2,,0.2,1.0,1.2,.067,,-0.9,0.2,-0.7,0.3
350,Jusuf Nurkić\nurkiju01,C,26,POR,12,280,16.1,.514,.117,.262,8.5,26.8,17.4,17.7,1.9,3.5,16.7,21.2,,0.1,0.3,0.4,.063,,-2.6,0.0,-2.6,0.0
351,David Nwaba\nwabada01,SF,28,HOU,28,642,14.4,.555,.303,.317,5.9,11.3,8.5,6.8,2.2,2.7,6.7,16.9,,0.7,0.8,1.5,.110,,-1.4,1.0,-0.5,0.3
352,Jordan Nwora\nworajo01,SF,22,MIL,10,82,12.9,.616,.432,.270,1.3,17.4,9.6,0.0,2.3,2.2,19.5,26.3,,-0.1,0.1,0.0,.024,,-3.6,-1.9,-5.4,-0.1
353,Royce O'Neale\onealro01,SF,27,UTA,36,1181,10.0,.606,.709,.131,4.2,17.3,11.0,10.2,1.2,1.3,15.7,9.7,,1.4,1.6,3.0,.120,,-1.1,1.5,0.4,0.7
354,Semi Ojeleye\ojelese01,PF,26,BOS,34,645,9.0,.572,.709,.185,3.4,13.8,8.6,5.5,0.8,0.0,7.9,11.8,,0.7,0.3,1.0,.074,,-1.0,-1.1,-2.1,0.0
355,Jahlil Okafor\okafoja01,C,25,DET,12,120,15.5,.595,.071,.048,11.7,13.5,12.5,4.3,0.8,1.5,8.5,17.0,,0.2,0.1,0.2,.098,,-0.6,-2.5,-3.1,0.0
356,Chuma Okeke\okekech01,PF,22,ORL,20,437,9.2,.487,.512,.116,4.1,12.8,8.3,12.1,1.8,1.5,12.6,10.2,,0.1,0.4,0.5,.054,,-2.9,0.2,-2.7,-0.1
357,Josh Okogie\okogijo01,SG,22,MIN,29,558,7.0,.451,.410,.306,4.7,9.4,7.0,7.2,2.0,2.1,12.6,13.1,,-0.3,0.4,0.1,.005,,-5.2,-0.3,-5.5,-0.5
358,Onyeka Okongwu\okongon01,C,20,ATL,16,159,12.3,.585,.027,.405,8.3,18.5,13.4,4.6,1.8,3.9,15.5,13.9,,0.1,0.2,0.3,.090,,-4.2,0.6,-3.6,-0.1
359,Isaac Okoro\okorois01,SG,20,CLE,31,1030,6.5,.503,.413,.236,3.2,6.0,4.5,7.8,1.7,1.4,15.6,12.3,,-0.4,0.6,0.3,.013,,-4.6,-0.3,-4.9,-0.7
360,KZ Okpala\okpalkz01,PF,21,MIA,19,199,3.3,.446,.600,.150,4.8,11.3,8.2,4.9,0.7,2.1,17.4,11.6,,-0.2,0.2,0.0,-0.011,,-6.4,-1.4,-7.7,-0.3
361,Victor Oladipo\oladivi01,SG,28,TOT,24,786,15.0,.501,.415,.218,1.1,16.6,8.7,23.2,2.2,1.2,10.0,29.0,,-0.5,1.0,0.5,.032,,-0.1,-0.5,-0.5,0.3
362,Victor Oladipo\oladivi01,SG,28,IND,9,300,15.9,.535,.454,.243,0.4,18.8,9.6,19.4,2.4,0.6,9.7,26.9,,0.1,0.4,0.4,.068,,1.5,-0.8,0.6,0.2
363,Victor Oladipo\oladivi01,SG,28,HOU,15,486,14.4,.483,.394,.204,1.5,15.2,8.1,25.5,2.0,1.6,10.2,30.3,,-0.5,0.6,0.1,.009,,-1.0,-0.2,-1.3,0.1
364,Kelly Olynyk\olynyke01,C,29,MIA,35,927,12.0,.564,.672,.100,4.1,20.0,12.5,12.5,1.5,2.2,12.8,17.3,,0.3,1.3,1.6,.083,,-1.2,0.7,-0.6,0.3
365,Miye Oni\onimi01,SG,23,UTA,26,206,7.5,.566,.868,.158,7.5,16.0,11.9,3.7,0.7,1.5,14.7,9.9,,0.2,0.3,0.4,.096,,-2.9,0.4,-2.5,0.0
366,Cedi Osman\osmande01,SF,25,CLE,35,904,11.0,.493,.578,.134,2.9,13.3,8.0,15.5,1.6,0.4,8.7,20.2,,0.1,0.6,0.7,.040,,-1.1,-0.9,-2.1,0.0
367,Daniel Oturu\oturuda01,C,21,LAC,10,42,21.6,.630,.067,.133,13.7,23.4,18.7,14.5,0.0,6.2,11.2,18.8,,0.1,0.1,0.2,.209,,0.2,0.3,0.5,0.0
368,Kelly Oubre Jr.\oubreke01,SF,25,GSW,35,1062,13.7,.532,.404,.225,5.1,15.4,10.3,6.9,1.7,2.3,8.1,22.1,,0.1,1.5,1.5,.069,,-1.5,-0.3,-1.8,0.0
369,Jabari Parker\parkeja01,PF,25,SAC,2,25,5.5,.571,.143,.000,4.3,22.7,13.3,5.5,0.0,3.4,30.0,17.0,,0.0,0.0,0.0,-0.089,,-7.9,-1.0,-8.9,0.0
370,Eric Paschall\pascher01,PF,24,GSW,34,599,13.5,.556,.170,.321,4.6,14.9,9.8,11.3,0.7,0.6,10.4,23.9,,0.2,0.6,0.8,.064,,-1.7,-1.7,-3.4,-0.2
371,Anžejs Pasečņiks\pasecan01,C,25,WAS,1,6,-40.9,.000,1.000,.000,17.2,0.0,8.8,19.4,0.0,0.0,83.3,41.5,,-0.1,0.0,-0.1,-1.124,,-40.1,-7.1,-47.1,-0.1
372,Patrick Patterson\pattepa01,PF,31,LAC,10,130,8.3,.566,.737,.105,3.5,13.5,8.6,5.1,1.1,0.7,15.0,15.9,,0.0,0.1,0.1,.038,,-2.0,-1.2,-3.1,0.0
373,Justin Patton\pattoju01,C,23,HOU,6,128,15.0,.626,.548,.129,4.0,16.4,10.0,5.8,2.6,6.8,5.8,11.6,,0.2,0.2,0.4,.158,,-2.3,3.1,0.8,0.1
374,Chris Paul\paulch01,PG,35,PHO,34,1080,20.2,.592,.317,.207,1.7,14.6,8.3,40.5,1.8,0.8,15.0,22.3,,2.8,1.5,4.3,.193,,2.8,1.2,4.0,1.6
375,Cameron Payne\payneca01,PG,26,PHO,24,394,15.4,.597,.449,.110,0.9,11.4,6.3,30.3,1.9,1.1,15.8,17.9,,0.7,0.5,1.2,.149,,0.2,1.4,1.6,0.4
376,Elfrid Payton\paytoel01,PG,26,NYK,33,932,12.5,.491,.153,.188,4.9,9.3,7.2,20.9,1.2,0.7,12.7,23.1,,-0.2,1.0,0.8,.041,,-1.9,-0.9,-2.8,-0.2
377,Norvel Pelle\pelleno01,C,27,TOT,4,32,5.6,.461,.000,.500,14.5,13.3,14.0,3.5,0.0,7.9,23.5,17.3,,0.0,0.0,0.0,-0.015,,-7.8,-0.5,-8.3,-0.1
378,Norvel Pelle\pelleno01,C,27,BRK,3,28,2.1,.429,.000,.000,12.7,15.2,14.0,0.0,0.0,9.0,30.0,15.5,,-0.1,0.0,0.0,-0.069,,-9.8,0.1,-9.7,-0.1
379,Norvel Pelle\pelleno01,C,27,SAC,1,4,30.3,.543,.000,4.000,27.0,0.0,13.9,28.1,0.0,0.0,0.0,29.3,,0.0,0.0,0.0,.363,,6.3,-4.9,1.4,0.0
380,Reggie Perry\perryre01,PF,20,BRK,14,147,9.7,.455,.235,.176,13.7,24.6,19.5,10.8,0.7,2.9,16.7,19.5,,-0.1,0.1,0.1,.023,,-5.2,-1.6,-6.8,-0.2
381,Theo Pinson\pinsoth01,SG,25,NYK,11,25,-6.8,.143,.857,.000,0.0,4.2,2.1,5.2,0.0,0.0,0.0,12.4,,-0.1,0.0,-0.1,-0.167,,-11.5,-2.9,-14.4,-0.1
382,Mason Plumlee\plumlma01,C,30,DET,34,953,17.7,.630,.025,.397,10.6,26.3,18.2,21.4,1.4,2.8,20.4,16.1,,1.7,1.2,2.9,.148,,-0.3,1.6,1.3,0.8
383,Jakob Poeltl\poeltja01,C,25,SAS,32,750,16.2,.582,.000,.296,13.0,19.6,16.2,10.6,1.3,5.8,17.1,12.5,,1.0,1.2,2.2,.140,,-1.1,1.0,-0.2,0.4
384,Vincent Poirier\poirivi01,C,27,PHI,6,22,3.7,.347,.000,1.000,10.3,9.6,10.0,5.6,0.0,8.0,25.8,15.0,,-0.1,0.0,0.0,-0.070,,-8.6,-1.1,-9.7,0.0
385,Aleksej Pokusevski\pokusal01,PF,19,OKC,17,296,2.4,.301,.602,.000,1.8,19.3,10.6,9.8,1.3,5.7,19.1,16.9,,-1.2,0.5,-0.8,-0.123,,-7.5,0.3,-7.2,-0.4
386,Jordan Poole\poolejo01,SG,21,GSW,16,170,17.5,.635,.636,.260,1.2,11.6,6.5,12.8,1.1,1.6,8.5,23.4,,0.3,0.2,0.5,.141,,2.5,-0.1,2.4,0.2
387,Michael Porter Jr.\portemi01,SF,22,DEN,26,744,17.8,.627,.527,.159,5.0,22.7,14.0,4.4,1.5,3.6,8.7,19.5,,1.2,1.0,2.2,.143,,2.0,-0.7,1.2,0.6
388,Otto Porter\porteot01,SF,27,CHI,16,372,16.6,.582,.486,.250,6.1,23.4,15.0,12.0,1.1,0.7,8.6,20.1,,0.7,0.4,1.0,.133,,1.5,-1.1,0.3,0.2
389,Bobby Portis\portibo01,C,25,MIL,36,776,19.5,.617,.250,.109,9.3,24.7,17.2,6.7,1.8,1.7,8.1,18.8,,1.7,1.1,2.8,.175,,1.9,-0.4,1.5,0.7
390,Kristaps Porziņģis\porzikr01,C,25,DAL,20,602,20.8,.573,.391,.211,6.8,23.4,15.1,7.6,0.6,4.9,6.6,27.6,,0.9,0.7,1.6,.128,,1.9,-1.2,0.7,0.4
391,Dwight Powell\poweldw01,C,29,DAL,23,346,11.6,.576,.119,.851,7.3,15.6,11.5,7.7,1.8,1.9,14.8,13.8,,0.4,0.4,0.8,.105,,-3.4,0.6,-2.9,-0.1
392,Norman Powell\powelno01,SG,27,TOR,34,1006,17.2,.640,.465,.299,1.6,9.9,5.7,9.5,1.9,0.5,10.8,23.5,,1.8,0.8,2.5,.122,,1.3,-0.5,0.8,0.7
393,Taurean Prince\princta02,PF,26,TOT,29,620,11.3,.523,.486,.255,2.7,16.1,9.4,11.5,1.5,2.7,11.8,18.3,,0.1,0.6,0.7,.051,,-1.6,-0.6,-2.2,0.0
394,Taurean Prince\princta02,PF,26,BRK,12,218,11.7,.565,.500,.365,1.1,15.6,8.8,4.2,1.8,3.1,11.4,19.3,,0.1,0.2,0.3,.060,,-2.7,-0.2,-2.9,0.0
395,Taurean Prince\princta02,PF,26,CLE,17,402,11.0,.498,.478,.194,3.6,16.4,9.8,15.5,1.3,2.5,12.1,17.7,,0.0,0.4,0.4,.047,,-1.0,-0.8,-1.8,0.0
396,Payton Pritchard\pritcpa01,SG,23,BOS,30,641,11.3,.587,.543,.096,2.8,9.6,6.1,15.0,1.4,0.7,14.8,15.4,,0.7,0.4,1.1,.079,,-1.2,-0.7,-1.9,0.0
397,Immanuel Quickley\quickim01,PG,21,NYK,33,619,18.2,.557,.491,.329,2.6,10.5,6.6,20.8,1.2,1.4,8.6,28.2,,1.2,0.7,1.9,.146,,2.6,-0.6,2.0,0.6
398,Jahmi'us Ramsey\ramseja01,SG,19,SAC,4,16,11.5,.625,.750,.000,0.0,28.4,13.9,8.2,0.0,5.3,20.0,13.3,,0.0,0.0,0.0,.015,,-2.0,-1.9,-3.9,0.0
399,Chasson Randle\randlch01,PG,27,ORL,8,151,8.9,.551,.657,.200,0.7,10.0,5.2,21.4,0.6,0.6,13.6,12.5,,0.1,0.1,0.2,.066,,-4.6,-0.8,-5.4,-0.1
400,Julius Randle\randlju01,PF,26,NYK,37,1358,20.8,.587,.266,.346,4.2,27.6,16.1,25.8,1.1,0.7,14.1,27.7,,2.4,2.1,4.5,.159,,3.3,0.8,4.1,2.1
401,Cam Reddish\reddica01,SF,21,ATL,26,750,9.2,.488,.479,.312,3.2,11.9,7.6,6.7,2.2,1.1,10.2,19.0,,-0.3,0.6,0.4,.025,,-3.2,-0.4,-3.6,-0.3
402,J.J. Redick\redicjj01,SG,36,NOP,31,576,11.3,.575,.654,.220,0.6,9.5,5.0,9.5,0.8,0.3,9.6,19.2,,0.6,0.0,0.6,.054,,-1.0,-2.0,-3.0,-0.1
403,Paul Reed\reedpa01,PF,21,PHI,5,55,8.6,.409,.136,.000,14.4,5.8,10.0,7.9,0.9,6.4,18.5,20.8,,-0.1,0.1,-0.1,-0.048,,-6.1,-2.0,-8.1,-0.1
404,Naz Reid\reidna01,C,21,MIN,34,699,18.0,.593,.306,.244,5.7,19.7,12.4,10.4,1.4,4.8,10.1,22.6,,0.8,0.8,1.6,.110,,-0.3,0.2,-0.2,0.3
405,Nick Richards\richani01,PF,23,CHO,8,23,13.2,.637,.000,1.000,9.3,19.2,14.2,0.0,0.0,0.0,10.4,17.8,,0.1,0.0,0.1,.139,,-3.3,-2.4,-5.7,0.0
406,Josh Richardson\richajo01,SG,27,DAL,25,788,11.2,.549,.494,.217,3.1,8.2,5.7,11.5,1.4,0.7,11.2,18.4,,0.4,0.5,0.9,.055,,-1.8,-1.1,-2.9,-0.2
407,Austin Rivers\riverau01,SG,28,NYK,21,442,9.6,.545,.570,.104,1.2,10.0,5.7,14.0,1.4,0.0,13.5,16.3,,0.1,0.5,0.6,.060,,-2.3,-0.7,-3.0,-0.1
408,Andre Roberson\roberan03,SG,29,BRK,5,63,4.2,.202,.571,.143,13.2,13.5,13.4,7.3,2.3,1.3,11.8,11.7,,-0.1,0.1,-0.1,-0.043,,-5.1,-1.2,-6.2,-0.1
409,Duncan Robinson\robindu01,SF,26,MIA,36,1202,9.4,.616,.849,.142,0.2,12.5,6.7,7.3,0.7,0.7,11.4,15.7,,0.5,1.1,1.6,.064,,-1.1,-1.1,-2.2,-0.1
410,Glenn Robinson III\robingl02,SF,27,SAC,23,369,9.1,.554,.444,.232,3.2,10.5,6.8,7.0,0.5,0.7,9.2,13.8,,0.3,-0.1,0.2,.023,,-1.9,-2.8,-4.6,-0.2
411,Jerome Robinson\robinje01,SG,23,WAS,13,221,6.0,.456,.463,.254,0.9,15.1,7.9,10.7,1.3,0.8,12.9,16.0,,-0.2,0.1,-0.1,-0.018,,-5.3,-1.7,-7.1,-0.3
412,Mitchell Robinson\robinmi01,C,22,NYK,27,778,17.5,.647,.000,.295,13.5,17.4,15.5,2.6,2.1,5.2,11.1,11.2,,1.5,1.4,3.0,.184,,-0.4,1.2,0.8,0.6
413,Isaiah Roby\robyis01,PF,22,OKC,30,640,15.1,.599,.279,.305,7.5,18.9,13.3,12.7,1.9,2.4,15.7,17.4,,0.7,1.0,1.6,.123,,-1.7,1.2,-0.6,0.2
414,Rajon Rondo\rondora01,PG,34,ATL,20,300,9.7,.481,.459,.027,1.5,14.5,8.0,32.3,2.0,0.6,26.5,14.5,,-0.1,0.3,0.2,.025,,-2.5,-0.1,-2.6,0.0
415,Derrick Rose\rosede01,PG,32,TOT,25,588,17.1,.519,.208,.253,1.3,9.0,5.1,32.6,2.4,1.6,12.8,27.8,,0.2,0.7,0.9,.071,,0.8,-0.2,0.5,0.4
416,Derrick Rose\rosede01,PG,32,DET,15,342,17.3,.517,.212,.272,1.9,7.8,4.7,32.9,2.6,1.1,12.3,29.9,,0.1,0.3,0.4,.053,,1.2,-0.8,0.4,0.2
417,Derrick Rose\rosede01,PG,32,NYK,10,246,16.8,.523,.202,.220,0.4,10.7,5.6,32.1,2.2,2.4,13.7,24.9,,0.1,0.4,0.5,.096,,0.2,0.6,0.8,0.2
418,Terrence Ross\rosste01,SG,29,ORL,35,1032,13.0,.528,.445,.189,1.2,11.5,6.1,12.1,1.8,1.5,10.1,23.9,,-0.1,0.9,0.8,.037,,-1.3,-0.9,-2.2,-0.1
419,Terry Rozier\roziete01,SG,26,CHO,33,1106,17.8,.626,.506,.182,1.7,10.9,6.2,15.1,2.0,1.1,11.2,23.3,,1.9,0.9,2.8,.121,,2.7,-0.8,1.9,1.1
420,Ricky Rubio\rubiori01,PG,30,MIN,34,863,12.0,.506,.347,.314,1.7,12.1,6.6,35.0,2.3,0.0,20.7,16.4,,0.3,0.6,0.9,.051,,-2.9,-0.6,-3.5,-0.3
421,D'Angelo Russell\russeda01,PG,24,MIN,20,583,16.2,.544,.454,.196,1.6,8.3,4.8,29.4,1.8,1.4,13.2,29.3,,0.1,0.3,0.4,.035,,2.3,-1.8,0.4,0.4
422,Domantas Sabonis\sabondo01,PF,24,IND,35,1278,20.0,.593,.184,.395,8.0,26.3,17.1,25.3,1.4,1.4,16.3,24.8,,2.2,1.6,3.8,.141,,2.4,0.8,3.3,1.7
423,Luka Šamanić\samanlu01,PF,21,SAS,9,99,11.5,.560,.588,.235,6.2,23.5,14.7,1.4,1.5,1.8,13.8,19.0,,0.0,0.1,0.1,.050,,-2.4,-1.2,-3.6,0.0
424,JaKarr Sampson\sampsja02,PF,27,IND,15,97,11.6,.536,.156,.313,9.3,24.4,16.8,1.4,1.0,2.7,14.2,18.9,,0.0,0.1,0.1,.048,,-3.6,-1.4,-5.0,-0.1
425,Dario Šarić\saricda01,PF,26,PHO,17,307,19.4,.612,.427,.259,5.2,19.2,12.4,11.0,2.3,0.9,11.6,26.2,,0.5,0.5,1.0,.151,,0.7,0.3,1.0,0.2
426,Tomáš Satoranský\satorto01,SG,29,CHI,23,476,14.7,.661,.348,.259,1.9,11.9,7.0,28.1,1.2,0.7,21.4,14.2,,1.0,0.4,1.3,.134,,0.2,-0.2,0.1,0.2
427,Dennis Schröder\schrode01,SG,27,LAL,33,1030,13.1,.543,.265,.346,2.0,10.4,6.2,20.8,1.4,0.7,14.5,22.4,,0.6,1.4,2.0,.094,,-1.6,-0.4,-2.0,0.0
428,Mike Scott\scottmi01,PF,32,PHI,17,295,6.6,.560,.794,.079,1.5,15.5,8.7,2.2,1.3,0.6,13.3,10.8,,0.0,0.3,0.3,.046,,-2.9,-0.4,-3.3,-0.1
429,Collin Sexton\sextoco01,SG,22,CLE,31,1127,17.3,.580,.231,.325,2.0,6.2,4.1,21.5,1.6,0.3,12.4,28.1,,1.5,0.5,2.0,.086,,1.5,-1.7,-0.1,0.5
430,Landry Shamet\shamela01,SG,23,BRK,33,650,9.1,.552,.750,.176,0.9,9.2,5.3,7.4,1.1,0.6,10.0,17.3,,0.2,0.3,0.5,.035,,-2.4,-1.8,-4.1,-0.4
431,Iman Shumpert\shumpim01,SG,30,BRK,2,11,-0.3,.250,.750,.000,10.8,0.0,5.1,0.0,4.4,0.0,20.0,19.8,,-0.1,0.0,0.0,-0.211,,-10.2,-2.7,-13.0,0.0
432,Pascal Siakam\siakapa01,PF,26,TOR,30,1075,17.5,.542,.249,.304,5.8,17.7,11.6,21.4,1.6,2.0,10.5,25.0,,1.4,1.1,2.5,.112,,0.6,-0.3,0.3,0.6
433,Chris Silva\silvach01,PF,24,MIA,6,53,16.2,.805,.111,1.333,15.7,22.3,19.1,16.7,0.9,4.0,35.9,18.8,,0.1,0.1,0.2,.176,,-3.2,1.1,-2.0,0.0
434,Ben Simmons\simmobe01,PG,24,PHI,31,1051,19.9,.614,.021,.503,5.8,19.3,12.8,33.5,2.2,1.8,20.4,20.6,,2.0,1.6,3.7,.168,,1.8,2.1,3.8,1.6
435,Anfernee Simons\simonan01,SG,21,POR,32,543,11.4,.564,.718,.118,1.1,14.4,7.6,11.1,0.5,0.8,10.4,20.5,,0.4,0.1,0.5,.046,,-0.1,-2.4,-2.6,-0.1
436,Deividas Sirvydis\sirvyde01,SG,20,DET,5,8,-9.0,.129,1.000,.667,0.0,14.4,7.0,15.8,0.0,0.0,0.0,21.1,,-0.1,0.0,-0.1,-0.304,,-17.2,-7.3,-24.5,0.0
437,Marcus Smart\smartma01,PG,26,BOS,17,549,14.6,.516,.479,.330,1.4,8.3,4.8,26.1,2.8,1.5,12.2,19.2,,0.6,0.5,1.1,.100,,0.0,0.2,0.3,0.3
438,Dennis Smith Jr.\smithde03,PG,23,TOT,15,275,14.3,.473,.404,.128,3.9,12.5,8.1,28.1,3.2,2.6,12.9,20.9,,0.0,0.4,0.4,.061,,-1.4,1.6,0.2,0.2
439,Dennis Smith Jr.\smithde03,PG,23,NYK,3,28,6.9,.356,.400,.600,0.0,7.5,3.8,14.5,5.4,0.0,7.3,21.5,,-0.1,0.1,0.0,-0.013,,-8.2,3.9,-4.3,0.0
440,Dennis Smith Jr.\smithde03,PG,23,DET,12,247,15.1,.488,.404,.081,4.4,13.1,8.6,29.6,3.0,2.9,13.5,20.9,,0.0,0.3,0.4,.070,,-0.6,1.3,0.7,0.2
441,Ish Smith\smithis01,PG,32,WAS,19,391,10.6,.404,.172,.129,2.6,15.4,8.9,30.8,1.8,0.9,13.4,15.0,,-0.1,0.3,0.2,.021,,-2.2,-0.3,-2.5,0.0
442,Jalen Smith\smithja04,PF,20,PHO,11,57,7.2,.402,.421,.105,10.1,11.5,10.8,4.7,0.0,3.1,4.8,16.4,,0.0,0.1,0.0,.009,,-2.5,-1.7,-4.2,0.0
443,Tony Snell\snellto01,SG,29,ATL,23,420,9.6,.688,.729,.000,2.9,9.3,6.1,8.9,0.3,1.5,13.3,10.0,,0.6,0.1,0.7,.083,,0.0,-0.7,-0.7,0.2
444,Ray Spalding\spaldra01,C,23,HOU,2,19,0.9,.410,.250,.500,10.8,11.6,11.2,0.0,0.0,9.2,38.1,17.7,,-0.1,0.0,-0.1,-0.164,,-8.9,-1.4,-10.4,0.0
445,Cassius Stanley\stanlca01,SG,21,IND,8,23,6.8,.489,.286,.714,9.8,4.9,7.3,0.0,0.0,7.5,9.8,19.2,,0.0,0.0,0.0,.040,,-6.3,-1.6,-7.9,0.0
446,Lamar Stevens\stevela01,PF,23,CLE,24,346,8.6,.467,.181,.340,3.8,17.1,10.3,9.4,1.6,2.1,12.2,15.3,,-0.2,0.3,0.1,.021,,-4.9,-0.1,-5.0,-0.3
447,Isaiah Stewart\stewais01,C,19,DET,34,626,14.6,.578,.034,.219,13.7,21.4,17.4,5.8,1.4,4.9,15.8,13.2,,0.7,0.8,1.5,.116,,-2.7,0.1,-2.5,-0.1
448,Max Strus\strusma01,SF,24,MIA,19,283,11.8,.618,.825,.136,0.8,6.8,4.0,5.7,0.5,0.0,2.7,17.7,,0.4,0.2,0.6,.095,,0.7,-1.7,-1.0,0.1
449,Edmond Sumner\sumneed01,SG,25,IND,22,251,12.1,.602,.317,.329,3.6,10.3,7.0,5.7,2.5,0.7,15.3,19.1,,0.1,0.3,0.3,.061,,-2.9,0.0,-2.9,-0.1
450,Jae'Sean Tate\tateja01,SF,25,HOU,34,933,13.3,.605,.274,.226,7.0,13.6,10.2,9.3,1.6,1.7,12.6,14.5,,1.2,1.0,2.2,.113,,-2.0,0.3,-1.7,0.1
451,Jayson Tatum\tatumja01,SF,22,BOS,31,1110,19.7,.547,.345,.245,1.8,20.7,11.1,20.7,1.9,1.3,10.1,30.4,,1.4,1.2,2.6,.111,,3.3,-0.4,3.0,1.4
452,Jeff Teague\teaguje01,PG,32,BOS,28,506,10.1,.502,.285,.304,1.5,8.8,5.1,15.8,2.2,0.9,15.2,17.9,,0.0,0.4,0.4,.036,,-3.2,-0.2,-3.4,-0.2
453,Garrett Temple\templga01,SG,34,CHI,33,936,9.5,.544,.524,.152,2.4,10.1,6.4,9.4,1.6,1.7,11.0,13.7,,0.4,0.8,1.2,.063,,-2.7,-0.1,-2.8,-0.2
454,Tyrell Terry\terryty01,PG,20,DAL,11,56,5.9,.318,.438,.188,0.0,11.6,5.8,14.3,4.3,0.0,10.4,15.2,,-0.1,0.1,-0.1,-0.057,,-7.7,2.2,-5.5,-0.1
455,Daniel Theis\theisda01,C,28,BOS,34,827,15.1,.639,.332,.273,5.8,17.5,11.6,7.9,1.2,4.3,12.4,14.6,,1.4,0.9,2.3,.132,,-0.6,0.7,0.1,0.4
456,Brodric Thomas\thomabr01,SG,24,HOU,4,24,7.4,.496,.857,1.000,4.3,13.8,8.8,23.3,2.0,3.6,28.4,25.0,,-0.1,0.0,0.0,-0.045,,-6.9,-0.5,-7.3,0.0
457,Matt Thomas\thomama02,SG,26,TOR,21,145,8.2,.545,.674,.130,0.7,10.3,5.4,8.8,0.7,0.0,9.3,16.0,,0.0,0.1,0.1,.029,,-2.3,-2.3,-4.5,-0.1
458,Tristan Thompson\thomptr01,PF,29,BOS,34,774,15.6,.557,.014,.364,15.1,26.3,20.6,6.0,0.8,1.6,11.3,15.2,,1.3,0.8,2.0,.125,,-0.6,-1.5,-2.1,0.0
459,Sindarius Thornwell\thornsi01,SG,26,NOP,11,53,8.8,.540,.462,.154,2.1,4.2,3.1,4.9,3.7,0.0,12.6,12.8,,0.0,0.0,0.0,.021,,-3.9,1.1,-2.8,0.0
460,Matisse Thybulle\thybuma01,SG,23,PHI,33,596,8.4,.459,.613,.132,2.3,6.4,4.4,6.6,3.7,4.4,10.4,8.9,,-0.1,1.1,0.9,.076,,-3.5,3.8,0.3,0.3
461,Killian Tillie\tilliki02,C,22,MEM,2,21,-1.1,.375,.500,.000,5.0,5.3,5.2,0.0,2.3,0.0,20.0,10.0,,0.0,0.0,0.0,-0.038,,-8.7,-1.2,-9.9,0.0
462,Xavier Tillman Sr.\tillmxa01,PF,22,MEM,27,551,14.0,.562,.222,.146,7.7,17.2,12.3,11.1,2.2,2.8,12.5,14.7,,0.5,0.8,1.3,.116,,-1.8,0.9,-0.9,0.2
463,Obi Toppin\toppiob01,PF,22,NYK,27,342,11.9,.561,.411,.131,2.9,17.8,10.5,6.6,1.2,2.9,11.7,16.5,,0.1,0.5,0.6,.083,,-2.1,0.5,-1.6,0.0
464,Juan Toscano-Anderson\toscaju01,SG,27,GSW,23,474,11.7,.657,.372,.191,3.6,19.1,11.4,14.5,1.3,2.3,20.3,11.4,,0.5,0.7,1.1,.115,,-2.1,1.2,-0.9,0.1
465,Karl-Anthony Towns\townska01,C,25,MIN,16,524,22.7,.609,.314,.302,9.3,27.1,17.8,20.4,1.3,4.2,15.0,27.2,,0.9,0.6,1.5,.142,,3.1,1.1,4.2,0.8
466,Gary Trent Jr.\trentga02,SG,22,POR,33,1030,12.7,.554,.575,.104,1.9,5.5,3.7,7.1,1.2,0.4,5.0,19.9,,1.2,0.0,1.2,.056,,0.2,-2.5,-2.4,-0.1
467,P.J. Tucker\tuckepj01,PF,35,HOU,32,959,5.6,.500,.656,.176,3.5,13.2,8.2,6.3,1.4,1.6,19.0,7.8,,-0.2,1.0,0.8,.039,,-5.1,0.3,-4.8,-0.7
468,Myles Turner\turnemy01,C,24,IND,33,1038,16.5,.601,.475,.335,4.9,18.6,11.7,4.0,1.6,9.3,10.9,17.3,,1.0,1.8,2.8,.128,,-0.9,1.7,0.9,0.7
469,Jonas Valančiūnas\valanjo01,C,28,MEM,27,733,20.2,.589,.088,.284,13.4,32.5,22.7,9.9,1.0,2.2,13.6,23.7,,1.1,1.1,2.2,.143,,0.7,-1.1,-0.4,0.3
470,Denzel Valentine\valende01,SG,27,CHI,30,591,10.9,.481,.569,.024,2.3,20.3,11.5,12.5,1.8,0.1,6.7,19.4,,-0.1,0.6,0.5,.040,,-1.8,-0.9,-2.7,-0.1
471,Jarred Vanderbilt\vandeja01,PF,21,MIN,34,652,16.1,.618,.014,.453,9.7,22.9,15.9,11.4,2.8,2.8,17.4,13.0,,0.8,0.9,1.7,.125,,-1.7,1.2,-0.5,0.2
472,Fred VanVleet\vanvlfr01,SG,26,TOR,34,1249,17.7,.549,.527,.234,2.0,11.8,6.7,27.7,2.2,2.2,10.0,24.0,,2.1,1.3,3.3,.127,,2.6,0.1,2.6,1.5
473,Devin Vassell\vassede01,SF,20,SAS,26,451,12.5,.529,.500,.167,3.6,15.7,9.6,8.3,3.1,1.7,8.1,14.1,,0.2,0.7,0.9,.100,,-1.7,1.9,0.2,0.3
474,Gabe Vincent\vincega01,PG,24,MIA,25,375,6.5,.480,.622,.147,0.9,6.9,4.1,12.7,1.6,0.6,11.6,20.6,,-0.5,0.3,-0.1,-0.013,,-5.3,-1.1,-6.5,-0.4
475,Noah Vonleh\vonleno01,PF,25,BRK,4,11,-19.0,.000,.667,.000,0.0,9.7,5.1,10.1,0.0,0.0,40.0,19.8,,-0.1,0.0,-0.1,-0.487,,-20.9,-8.9,-29.9,-0.1
476,Nikola Vučević\vucevni01,C,30,ORL,36,1220,24.2,.571,.317,.128,5.7,30.7,17.8,21.1,1.4,1.7,7.2,29.4,,2.4,1.6,4.0,.156,,5.9,0.1,6.0,2.5
477,Dean Wade\wadede01,PF,24,CLE,28,320,10.6,.605,.703,.162,4.5,17.0,10.6,7.9,0.9,1.4,13.1,12.3,,0.3,0.2,0.5,.077,,-0.8,-0.2,-1.0,0.1
478,Moritz Wagner\wagnemo01,C,23,WAS,22,315,16.7,.631,.333,.419,3.6,18.8,11.0,12.1,2.3,1.7,10.1,18.2,,0.6,0.4,1.0,.146,,-0.2,0.9,0.7,0.2
479,Kemba Walker\walkeke02,PG,30,BOS,20,600,16.5,.530,.508,.221,1.5,12.2,6.8,23.4,1.7,1.1,11.2,28.1,,0.5,0.5,1.0,.081,,2.1,-0.9,1.3,0.5
480,Lonnie Walker\walkelo01,SG,22,SAS,30,819,8.9,.508,.468,.127,0.7,10.3,5.5,9.2,0.9,1.4,8.8,19.3,,-0.4,0.7,0.3,.016,,-2.7,-1.6,-4.3,-0.5
481,John Wall\walljo01,PG,30,HOU,25,793,16.5,.524,.339,.300,1.4,9.7,5.4,33.9,1.3,2.0,14.2,31.5,,-0.2,0.7,0.5,.030,,1.9,-1.6,0.2,0.5
482,Brad Wanamaker\wanambr01,PG,31,GSW,37,599,9.2,.478,.346,.340,1.4,9.4,5.4,21.8,2.0,0.9,15.8,15.7,,-0.1,0.7,0.6,.049,,-4.2,0.5,-3.7,-0.3
483,T.J. Warren\warretj01,SF,27,IND,4,117,11.9,.560,.137,.196,1.9,11.6,6.7,6.7,0.8,0.0,6.7,22.0,,0.1,0.1,0.1,.050,,-3.0,-2.5,-5.5,-0.1
484,P.J. Washington\washipj01,PF,22,CHO,31,910,14.1,.560,.357,.295,5.3,18.3,11.7,14.0,1.8,4.0,15.9,19.1,,0.5,1.1,1.6,.083,,-1.1,0.5,-0.6,0.3
485,Yuta Watanabe\watanyu01,SF,26,TOR,22,268,9.5,.472,.550,.133,7.3,22.7,14.8,4.0,1.6,4.6,11.2,11.5,,0.0,0.4,0.4,.063,,-2.9,-0.4,-3.3,-0.1
486,Tremont Waters\watertr01,PG,23,BOS,10,98,11.7,.478,.484,.258,2.3,7.0,4.6,40.8,3.0,0.0,27.4,20.8,,0.0,0.1,0.0,.021,,-0.5,-0.8,-1.3,0.0
487,Paul Watson\watsopa01,SF,26,TOR,16,74,12.7,.725,.850,.000,2.9,18.6,10.5,3.9,0.0,2.8,4.8,12.3,,0.2,0.0,0.2,.131,,1.2,-1.7,-0.6,0.0
488,Quinndary Weatherspoon\weathqu01,SG,24,SAS,5,24,-10.3,.340,.200,.400,0.0,8.8,4.3,15.2,2.0,0.0,50.5,21.4,,-0.2,0.0,-0.2,-0.313,,-18.3,-3.9,-22.2,-0.1
489,Russell Westbrook\westbru01,PG,32,WAS,27,923,16.1,.484,.207,.331,4.9,25.5,15.0,45.5,1.6,0.9,18.7,31.2,,-0.9,0.9,0.0,.001,,0.6,-0.8,-0.2,0.4
490,Coby White\whiteco01,PG,20,CHI,34,1130,12.1,.538,.478,.161,1.7,14.9,8.5,21.3,0.5,0.4,13.5,22.4,,0.5,0.7,1.2,.051,,-1.2,-2.1,-3.3,-0.4
491,Derrick White\whitede01,SG,26,SAS,8,189,15.1,.508,.512,.174,0.5,7.3,3.8,24.0,2.0,3.7,7.0,22.8,,0.1,0.2,0.3,.086,,0.7,0.8,1.5,0.2
492,Hassan Whiteside\whiteha01,C,31,SAC,23,335,20.9,.586,.007,.399,11.6,32.6,21.8,5.0,0.9,7.6,12.9,23.6,,0.3,0.3,0.6,.091,,-1.0,-0.1,-1.1,0.1
493,Greg Whittington\whittgr01,PF,27,DEN,2,8,-10.2,.000,1.000,.000,0.0,0.0,0.0,0.0,0.0,0.0,0.0,10.9,,0.0,0.0,0.0,-0.264,,-10.8,-5.8,-16.5,0.0
494,Andrew Wiggins\wiggian01,PF,25,GSW,37,1193,13.1,.547,.355,.234,3.4,11.1,7.3,10.4,1.2,3.0,10.7,22.9,,-0.1,1.4,1.3,.051,,-1.2,-0.9,-2.1,0.0
495,Grant Williams\willigr01,PF,22,BOS,28,517,8.5,.583,.522,.252,5.8,11.9,8.8,6.5,1.2,2.0,17.4,12.9,,0.2,0.4,0.6,.057,,-3.3,-0.3,-3.7,-0.2
496,Kenrich Williams\willike04,PF,26,OKC,36,681,13.8,.622,.298,.143,7.4,14.8,11.1,13.0,2.0,0.9,15.6,13.6,,0.9,0.9,1.8,.125,,-1.4,1.2,-0.2,0.3
497,Lou Williams\willilo02,PG,34,LAC,35,794,15.7,.526,.262,.257,2.0,9.2,5.7,24.3,1.9,0.3,12.0,26.4,,0.6,0.6,1.3,.078,,-0.4,-1.6,-2.0,0.0
498,Patrick Williams\willipa01,PF,19,CHI,33,939,10.3,.566,.287,.246,3.6,15.0,9.4,5.5,1.2,2.3,14.2,15.7,,0.1,0.9,1.0,.053,,-2.9,-0.6,-3.5,-0.4
499,Robert Williams\williro04,C,23,BOS,29,468,25.6,.722,.008,.320,15.7,25.4,20.5,10.0,2.7,8.4,16.8,15.3,,1.4,0.9,2.4,.244,,2.5,2.8,5.4,0.9
500,Zion Williamson\willizi01,PF,20,NOP,34,1126,26.8,.650,.035,.511,9.2,15.1,12.1,17.7,1.4,2.1,11.6,28.6,,4.1,0.5,4.6,.198,,4.8,-0.6,4.2,1.8
501,D.J. Wilson\wilsodj01,PF,24,MIL,11,99,8.2,.478,.634,.049,3.3,20.6,12.1,3.9,0.5,3.6,8.7,19.5,,-0.1,0.1,0.0,.013,,-3.6,-2.1,-5.7,-0.1
502,Dylan Windler\windldy01,SF,24,CLE,22,417,12.7,.603,.612,.252,4.5,20.3,12.2,9.6,1.8,2.2,16.1,14.1,,0.3,0.4,0.8,.088,,-0.6,0.3,-0.3,0.2
503,Justise Winslow\winslju01,SF,24,MEM,6,134,6.1,.417,.234,.156,3.9,21.7,12.6,9.5,1.1,2.8,12.8,24.7,,-0.4,0.2,-0.2,-0.072,,-7.1,-0.3,-7.3,-0.2
504,Cassius Winston\winstca01,PG,22,WAS,6,44,9.8,.597,.700,.200,0.0,9.8,4.8,17.7,0.0,2.0,8.4,11.2,,0.1,0.0,0.1,.089,,-2.2,-1.8,-4.0,0.0
505,James Wiseman\wisemja01,C,19,GSW,26,541,14.2,.551,.109,.283,7.1,22.7,15.0,5.1,0.8,4.6,12.0,24.8,,-0.2,0.9,0.6,.057,,-3.7,-0.8,-4.5,-0.3
506,Christian Wood\woodch01,C,25,HOU,17,530,24.2,.634,.285,.240,6.0,29.8,17.4,8.0,1.4,4.3,9.5,26.3,,0.9,0.9,1.8,.165,,3.5,0.5,4.0,0.8
507,Robert Woodard\woodaro01,SF,21,SAC,6,17,22.9,.547,.273,.182,19.1,33.4,26.1,0.0,0.0,0.0,7.8,32.2,,0.0,0.0,0.0,.003,,3.9,-5.9,-2.0,0.0
508,Delon Wright\wrighde01,SG,28,DET,29,848,17.0,.575,.311,.336,4.1,13.7,8.7,25.2,2.4,1.6,11.5,15.6,,1.6,0.9,2.5,.144,,1.7,1.6,3.2,1.1
509,Thaddeus Young\youngth01,PF,32,CHI,30,760,20.7,.615,.080,.168,10.7,15.0,12.9,25.7,2.6,1.9,16.0,19.7,,1.8,1.0,2.7,.173,,1.8,1.7,3.4,1.0
510,Trae Young\youngtr01,PG,22,ATL,34,1182,22.9,.595,.369,.538,2.3,10.8,6.6,45.4,1.2,0.6,16.5,32.7,,3.4,0.6,4.1,.165,,5.6,-1.5,4.1,1.8
511,Cody Zeller\zelleco01,C,28,CHO,18,421,17.0,.556,.134,.232,11.7,23.6,17.6,15.3,1.3,2.6,11.3,17.8,,0.7,0.5,1.2,.137,,-0.3,0.3,0.1,0.2
512,Ivica Zubac\zubaciv01,C,23,LAC,38,753,20.2,.707,.005,.473,13.8,25.5,19.8,8.0,0.9,3.5,15.1,15.2,,2.4,1.0,3.4,.217,,0.8,-0.2,0.6,0.5